Workbook

Sheet G2 MT Reading Scoresheet
A1: CRLA3v1
A3: ASSESSMENT TYPE | C3: BoSY
A4: School ID: | C4: 107136 | D4: Total Enrolment | F4: =D6+E6 | G4: Total Assessed : | I4: =COUNTIF(F11:F110,"<>")
A5: Schoo Name: | C5: NELLIE E. BROWN E/S | D5: Male | E5: Female | F5: Assessment Part 1 (Word Recognition and Sentences Reading) | J5: WORDS SCORE 0 to 10 – Full Refresher 11 to 16 – Moderate Refresher SENTENCE SCORE 17 to 26 – Light Refresher 27 to 30 – Grade Ready | K5: Assessment Part 2 (Reading Fluency and Comprehension)
A6: Teacher: | D6: 13 | E6: 11
A7: Grade: | C7: Grade 2 | D7: Total Words per Story | F7: Task 1 – Write the number of letters sounded out correctly | G7: Rhymes (Task 2) If task 1 score is 0 to 6 | H7: Sentence (Task 2) If task 1 score is 7 to 10 Task 2L=10 | I7: Total Score = Task 1 Score + Task 2L+Task 2H Score | K7: Total Words Per Story | L7: Story 1 | M7: =_xlfn.IFNA(IF(X9=1,Y9,IF(D9>0,D9,95)),"") | N7: Story 2 | P7: =_xlfn.IFNA(IF(X9=1,Z9,IF(E9>0,E9,95)),"")
A8: Section: | C8: WISDOM | D8: Story 1 | E8: Story 2 | K8: Story Number 1 or 2 | L8: Total Reading Miscues | M8: Number of words read within 2 mins | N8: Total Time Used in Reading (Max : 2 Mins) | P8: Number of Words per Minute (WPM)
A9: Language: | C9: Tagalog | X9: =IF(_xlfn.IFNA(VLOOKUP($C$9,List!$G$2:$M$20,1,0),"")=C9,1,0) | Y9: =VLOOKUP($C$9,List!$G$2:$M$20,4,0) | Z9: =VLOOKUP($C$9,List!$G$2:$M$20,7,0)
A10: S/N | B10: LRN | C10: Name of Learner | D10: Sex | E10: Date of Asessment | F10: Task 1 (10) | G10: Task 2L Words (10) | H10: Task 2H Sentences (10) | I10: Total Score | J10: Part 1 Reading Level | K10: Story Number | L10: Number of Miscue | M10: Words Read | N10: Total Mins Secs | P10: WPM | Q10: % of Correct Words Read | R10: Total Correct Answer | S10: Leaner Experience (Rating 1-5) | T10: Observation Level | U10: READING PROFILE | V10: Remarks
A11: 1 | B11: 123456789012 | C11: Johnny Lee | D11: Male | E11: 45833 | F11: 9 | H11: 10 | I11: =IF(AND(F11="",G11=""),"",IF(F11<7,F11+G11,F11+10+H11)) | J11: =IF(I11="","",IF(F11<7,IF(I11<=10,"Full Refresher","Moderate Refresher"),IF(I11<27,"Light Refresher","Grade Ready"))) | K11: 2 | L11: 3 | M11: =IF($C$9<>"",IF(OR(K11=1, K11=2),IF(K11=1,M$7-L11,$P$7-L11),""),"") | N11: 2 | O11: 0 | P11: =IF(AND(K11>0,M11>0,OR(N11>0,O11>0)),(M11/((N11*60)+O11))*60,"") | Q11: =IFERROR(IF(OR(K11=1, K11=2),IF(K11=1,M11/$M$7,M11/$P$7),""),"") | R11: 4 | S11: 4 | T11: Level 3 | U11: =IF(J11<>"",IF(J11="Full Refresher","Low Emerging Reader",IF(AND(K11>0,Q11<>""),IF(OR(Q11<=25%,AND(Q11>25%,Q11<=50%, R11=0)),"High Emerging Reader",IF(OR(AND(Q11>25%,Q11<51%, R11>=1),AND(Q11>50%,Q11<76%,R11<=2)),"Developing Reader",IF(OR(AND(Q11>=51%, Q11<76%,R11>=3),AND(Q11>75%,R11<=4)),"Transitioning Reader",IF(AND(Q11>75%,R11>=5),"Reading At Grade Level","")))),"")),"") | Y11: =IF(C11<>"",R11/6,"")
A12: 2 | B12: 123456789013 | C12: Nicolas Santos | D12: Male | E12: 45833 | F12: 10 | H12: 10 | I12: =IF(AND(F12="",G12=""),"",IF(F12<7,F12+G12,F12+10+H12)) | J12: =IF(I12="","",IF(F12<7,IF(I12<=10,"Full Refresher","Moderate Refresher"),IF(I12<27,"Light Refresher","Grade Ready"))) | K12: 2 | L12: 0 | M12: =IF($C$9<>"",IF(OR(K12=1, K12=2),IF(K12=1,M$7-L12,$P$7-L12),""),"") | N12: 2 | O12: 0 | P12: =IF(AND(K12>0,M12>0,OR(N12>0,O12>0)),(M12/((N12*60)+O12))*60,"") | Q12: =IFERROR(IF(OR(K12=1, K12=2),IF(K12=1,M12/$M$7,M12/$P$7),""),"") | R12: 4 | S12: 4 | T12: Level 3 | U12: =IF(J12<>"",IF(J12="Full Refresher","Low Emerging Reader",IF(AND(K12>0,Q12<>""),IF(OR(Q12<=25%,AND(Q12>25%,Q12<=50%, R12=0)),"High Emerging Reader",IF(OR(AND(Q12>25%,Q12<51%, R12>=1),AND(Q12>50%,Q12<76%,R12<=2)),"Developing Reader",IF(OR(AND(Q12>=51%, Q12<76%,R12>=3),AND(Q12>75%,R12<=4)),"Transitioning Reader",IF(AND(Q12>75%,R12>=5),"Reading At Grade Level","")))),"")),"") | Y12: =IF(C12<>"",R12/6,"")
A13: 3 | B13: 123456789014 | C13: Luffy De Guzman | D13: Male | E13: 45835 | F13: 0 | G13: 0 | I13: =IF(AND(F13="",G13=""),"",IF(F13<7,F13+G13,F13+10+H13)) | J13: =IF(I13="","",IF(F13<7,IF(I13<=10,"Full Refresher","Moderate Refresher"),IF(I13<27,"Light Refresher","Grade Ready"))) | M13: =IF($C$9<>"",IF(OR(K13=1, K13=2),IF(K13=1,M$7-L13,$P$7-L13),""),"") | P13: =IF(AND(K13>0,M13>0,OR(N13>0,O13>0)),(M13/((N13*60)+O13))*60,"") | Q13: =IFERROR(IF(OR(K13=1, K13=2),IF(K13=1,M13/$M$7,M13/$P$7),""),"") | U13: =IF(J13<>"",IF(J13="Full Refresher","Low Emerging Reader",IF(AND(K13>0,Q13<>""),IF(OR(Q13<=25%,AND(Q13>25%,Q13<=50%, R13=0)),"High Emerging Reader",IF(OR(AND(Q13>25%,Q13<51%, R13>=1),AND(Q13>50%,Q13<76%,R13<=2)),"Developing Reader",IF(OR(AND(Q13>=51%, Q13<76%,R13>=3),AND(Q13>75%,R13<=4)),"Transitioning Reader",IF(AND(Q13>75%,R13>=5),"Reading At Grade Level","")))),"")),"") | Y13: =IF(C13<>"",R13/6,"")
A14: 4 | B14: 123456789015 | C14: Zoro Dalisay | D14: Male | E14: 45834 | F14: 0 | G14: 0 | H14: 7 | I14: =IF(AND(F14="",G14=""),"",IF(F14<7,F14+G14,F14+10+H14)) | J14: =IF(I14="","",IF(F14<7,IF(I14<=10,"Full Refresher","Moderate Refresher"),IF(I14<27,"Light Refresher","Grade Ready"))) | M14: =IF($C$9<>"",IF(OR(K14=1, K14=2),IF(K14=1,M$7-L14,$P$7-L14),""),"") | P14: =IF(AND(K14>0,M14>0,OR(N14>0,O14>0)),(M14/((N14*60)+O14))*60,"") | Q14: =IFERROR(IF(OR(K14=1, K14=2),IF(K14=1,M14/$M$7,M14/$P$7),""),"") | U14: =IF(J14<>"",IF(J14="Full Refresher","Low Emerging Reader",IF(AND(K14>0,Q14<>""),IF(OR(Q14<=25%,AND(Q14>25%,Q14<=50%, R14=0)),"High Emerging Reader",IF(OR(AND(Q14>25%,Q14<51%, R14>=1),AND(Q14>50%,Q14<76%,R14<=2)),"Developing Reader",IF(OR(AND(Q14>=51%, Q14<76%,R14>=3),AND(Q14>75%,R14<=4)),"Transitioning Reader",IF(AND(Q14>75%,R14>=5),"Reading At Grade Level","")))),"")),"") | Y14: =IF(C14<>"",R14/6,"")
A15: 5 | B15: 123456789016 | C15: Usof Matapang | D15: Male | E15: 45835 | F15: 5 | G15: 5 | H15: 10 | I15: =IF(AND(F15="",G15=""),"",IF(F15<7,F15+G15,F15+10+H15)) | J15: =IF(I15="","",IF(F15<7,IF(I15<=10,"Full Refresher","Moderate Refresher"),IF(I15<27,"Light Refresher","Grade Ready"))) | M15: =IF($C$9<>"",IF(OR(K15=1, K15=2),IF(K15=1,M$7-L15,$P$7-L15),""),"") | P15: =IF(AND(K15>0,M15>0,OR(N15>0,O15>0)),(M15/((N15*60)+O15))*60,"") | Q15: =IFERROR(IF(OR(K15=1, K15=2),IF(K15=1,M15/$M$7,M15/$P$7),""),"") | U15: =IF(J15<>"",IF(J15="Full Refresher","Low Emerging Reader",IF(AND(K15>0,Q15<>""),IF(OR(Q15<=25%,AND(Q15>25%,Q15<=50%, R15=0)),"High Emerging Reader",IF(OR(AND(Q15>25%,Q15<51%, R15>=1),AND(Q15>50%,Q15<76%,R15<=2)),"Developing Reader",IF(OR(AND(Q15>=51%, Q15<76%,R15>=3),AND(Q15>75%,R15<=4)),"Transitioning Reader",IF(AND(Q15>75%,R15>=5),"Reading At Grade Level","")))),"")),"") | Y15: =IF(C15<>"",R15/6,"")
A16: 6 | B16: 123456789017 | C16: Chopper Sama | D16: Male | E16: 45833 | F16: 10 | H16: 10 | I16: =IF(AND(F16="",G16=""),"",IF(F16<7,F16+G16,F16+10+H16)) | J16: =IF(I16="","",IF(F16<7,IF(I16<=10,"Full Refresher","Moderate Refresher"),IF(I16<27,"Light Refresher","Grade Ready"))) | K16: 2 | L16: 0 | M16: =IF($C$9<>"",IF(OR(K16=1, K16=2),IF(K16=1,M$7-L16,$P$7-L16),""),"") | N16: 2 | O16: 0 | P16: =IF(AND(K16>0,M16>0,OR(N16>0,O16>0)),(M16/((N16*60)+O16))*60,"") | Q16: =IFERROR(IF(OR(K16=1, K16=2),IF(K16=1,M16/$M$7,M16/$P$7),""),"") | R16: 1 | S16: 3 | T16: Level 3 | U16: =IF(J16<>"",IF(J16="Full Refresher","Low Emerging Reader",IF(AND(K16>0,Q16<>""),IF(OR(Q16<=25%,AND(Q16>25%,Q16<=50%, R16=0)),"High Emerging Reader",IF(OR(AND(Q16>25%,Q16<51%, R16>=1),AND(Q16>50%,Q16<76%,R16<=2)),"Developing Reader",IF(OR(AND(Q16>=51%, Q16<76%,R16>=3),AND(Q16>75%,R16<=4)),"Transitioning Reader",IF(AND(Q16>75%,R16>=5),"Reading At Grade Level","")))),"")),"") | Y16: =IF(C16<>"",R16/6,"")
A17: 7 | B17: 123456789018 | C17: Justin Barber | D17: Male | E17: 45834 | F17: 0 | G17: 0 | I17: =IF(AND(F17="",G17=""),"",IF(F17<7,F17+G17,F17+10+H17)) | J17: =IF(I17="","",IF(F17<7,IF(I17<=10,"Full Refresher","Moderate Refresher"),IF(I17<27,"Light Refresher","Grade Ready"))) | M17: =IF($C$9<>"",IF(OR(K17=1, K17=2),IF(K17=1,M$7-L17,$P$7-L17),""),"") | P17: =IF(AND(K17>0,M17>0,OR(N17>0,O17>0)),(M17/((N17*60)+O17))*60,"") | Q17: =IFERROR(IF(OR(K17=1, K17=2),IF(K17=1,M17/$M$7,M17/$P$7),""),"") | U17: =IF(J17<>"",IF(J17="Full Refresher","Low Emerging Reader",IF(AND(K17>0,Q17<>""),IF(OR(Q17<=25%,AND(Q17>25%,Q17<=50%, R17=0)),"High Emerging Reader",IF(OR(AND(Q17>25%,Q17<51%, R17>=1),AND(Q17>50%,Q17<76%,R17<=2)),"Developing Reader",IF(OR(AND(Q17>=51%, Q17<76%,R17>=3),AND(Q17>75%,R17<=4)),"Transitioning Reader",IF(AND(Q17>75%,R17>=5),"Reading At Grade Level","")))),"")),"") | Y17: =IF(C17<>"",R17/6,"")
A18: 8 | B18: 123456789019 | C18: Alex Lopez | D18: Male | E18: 45834 | F18: 9 | H18: 9 | I18: =IF(AND(F18="",G18=""),"",IF(F18<7,F18+G18,F18+10+H18)) | J18: =IF(I18="","",IF(F18<7,IF(I18<=10,"Full Refresher","Moderate Refresher"),IF(I18<27,"Light Refresher","Grade Ready"))) | K18: 2 | L18: 4 | M18: =IF($C$9<>"",IF(OR(K18=1, K18=2),IF(K18=1,M$7-L18,$P$7-L18),""),"") | N18: 2 | O18: 0 | P18: =IF(AND(K18>0,M18>0,OR(N18>0,O18>0)),(M18/((N18*60)+O18))*60,"") | Q18: =IFERROR(IF(OR(K18=1, K18=2),IF(K18=1,M18/$M$7,M18/$P$7),""),"") | R18: 1 | S18: 3 | T18: Level 2 | U18: =IF(J18<>"",IF(J18="Full Refresher","Low Emerging Reader",IF(AND(K18>0,Q18<>""),IF(OR(Q18<=25%,AND(Q18>25%,Q18<=50%, R18=0)),"High Emerging Reader",IF(OR(AND(Q18>25%,Q18<51%, R18>=1),AND(Q18>50%,Q18<76%,R18<=2)),"Developing Reader",IF(OR(AND(Q18>=51%, Q18<76%,R18>=3),AND(Q18>75%,R18<=4)),"Transitioning Reader",IF(AND(Q18>75%,R18>=5),"Reading At Grade Level","")))),"")),"") | Y18: =IF(C18<>"",R18/6,"")
A19: 9 | B19: 123456789020 | C19: Ethan Reyes | D19: Male | E19: 45835 | F19: 8 | H19: 9 | I19: =IF(AND(F19="",G19=""),"",IF(F19<7,F19+G19,F19+10+H19)) | J19: =IF(I19="","",IF(F19<7,IF(I19<=10,"Full Refresher","Moderate Refresher"),IF(I19<27,"Light Refresher","Grade Ready"))) | K19: 2 | L19: 6 | M19: =IF($C$9<>"",IF(OR(K19=1, K19=2),IF(K19=1,M$7-L19,$P$7-L19),""),"") | N19: 2 | O19: 0 | P19: =IF(AND(K19>0,M19>0,OR(N19>0,O19>0)),(M19/((N19*60)+O19))*60,"") | Q19: =IFERROR(IF(OR(K19=1, K19=2),IF(K19=1,M19/$M$7,M19/$P$7),""),"") | R19: 0 | S19: 2 | T19: Level 2 | U19: =IF(J19<>"",IF(J19="Full Refresher","Low Emerging Reader",IF(AND(K19>0,Q19<>""),IF(OR(Q19<=25%,AND(Q19>25%,Q19<=50%, R19=0)),"High Emerging Reader",IF(OR(AND(Q19>25%,Q19<51%, R19>=1),AND(Q19>50%,Q19<76%,R19<=2)),"Developing Reader",IF(OR(AND(Q19>=51%, Q19<76%,R19>=3),AND(Q19>75%,R19<=4)),"Transitioning Reader",IF(AND(Q19>75%,R19>=5),"Reading At Grade Level","")))),"")),"") | Y19: =IF(C19<>"",R19/6,"")
A20: 10 | B20: 123456789021 | C20: Caleb Santos | D20: Male | E20: 45834 | F20: 10 | H20: 10 | I20: =IF(AND(F20="",G20=""),"",IF(F20<7,F20+G20,F20+10+H20)) | J20: =IF(I20="","",IF(F20<7,IF(I20<=10,"Full Refresher","Moderate Refresher"),IF(I20<27,"Light Refresher","Grade Ready"))) | K20: 2 | L20: 0 | M20: =IF($C$9<>"",IF(OR(K20=1, K20=2),IF(K20=1,M$7-L20,$P$7-L20),""),"") | N20: 2 | O20: 0 | P20: =IF(AND(K20>0,M20>0,OR(N20>0,O20>0)),(M20/((N20*60)+O20))*60,"") | Q20: =IFERROR(IF(OR(K20=1, K20=2),IF(K20=1,M20/$M$7,M20/$P$7),""),"") | R20: 2 | S20: 3 | T20: Level 3 | U20: =IF(J20<>"",IF(J20="Full Refresher","Low Emerging Reader",IF(AND(K20>0,Q20<>""),IF(OR(Q20<=25%,AND(Q20>25%,Q20<=50%, R20=0)),"High Emerging Reader",IF(OR(AND(Q20>25%,Q20<51%, R20>=1),AND(Q20>50%,Q20<76%,R20<=2)),"Developing Reader",IF(OR(AND(Q20>=51%, Q20<76%,R20>=3),AND(Q20>75%,R20<=4)),"Transitioning Reader",IF(AND(Q20>75%,R20>=5),"Reading At Grade Level","")))),"")),"") | Y20: =IF(C20<>"",R20/6,"")
A21: 11 | B21: 123456789022 | C21: Noah Villanueva | D21: Male | E21: 45835 | F21: 0 | G21: 0 | H21: 10 | I21: =IF(AND(F21="",G21=""),"",IF(F21<7,F21+G21,F21+10+H21)) | J21: =IF(I21="","",IF(F21<7,IF(I21<=10,"Full Refresher","Moderate Refresher"),IF(I21<27,"Light Refresher","Grade Ready"))) | M21: =IF($C$9<>"",IF(OR(K21=1, K21=2),IF(K21=1,M$7-L21,$P$7-L21),""),"") | P21: =IF(AND(K21>0,M21>0,OR(N21>0,O21>0)),(M21/((N21*60)+O21))*60,"") | Q21: =IFERROR(IF(OR(K21=1, K21=2),IF(K21=1,M21/$M$7,M21/$P$7),""),"") | U21: =IF(J21<>"",IF(J21="Full Refresher","Low Emerging Reader",IF(AND(K21>0,Q21<>""),IF(OR(Q21<=25%,AND(Q21>25%,Q21<=50%, R21=0)),"High Emerging Reader",IF(OR(AND(Q21>25%,Q21<51%, R21>=1),AND(Q21>50%,Q21<76%,R21<=2)),"Developing Reader",IF(OR(AND(Q21>=51%, Q21<76%,R21>=3),AND(Q21>75%,R21<=4)),"Transitioning Reader",IF(AND(Q21>75%,R21>=5),"Reading At Grade Level","")))),"")),"") | Y21: =IF(C21<>"",R21/6,"")
A22: 12 | B22: 123456789023 | C22: Daniel Navarro | D22: Male | E22: 45835 | F22: 0 | G22: 0 | H22: 10 | I22: =IF(AND(F22="",G22=""),"",IF(F22<7,F22+G22,F22+10+H22)) | J22: =IF(I22="","",IF(F22<7,IF(I22<=10,"Full Refresher","Moderate Refresher"),IF(I22<27,"Light Refresher","Grade Ready"))) | M22: =IF($C$9<>"",IF(OR(K22=1, K22=2),IF(K22=1,M$7-L22,$P$7-L22),""),"") | P22: =IF(AND(K22>0,M22>0,OR(N22>0,O22>0)),(M22/((N22*60)+O22))*60,"") | Q22: =IFERROR(IF(OR(K22=1, K22=2),IF(K22=1,M22/$M$7,M22/$P$7),""),"") | U22: =IF(J22<>"",IF(J22="Full Refresher","Low Emerging Reader",IF(AND(K22>0,Q22<>""),IF(OR(Q22<=25%,AND(Q22>25%,Q22<=50%, R22=0)),"High Emerging Reader",IF(OR(AND(Q22>25%,Q22<51%, R22>=1),AND(Q22>50%,Q22<76%,R22<=2)),"Developing Reader",IF(OR(AND(Q22>=51%, Q22<76%,R22>=3),AND(Q22>75%,R22<=4)),"Transitioning Reader",IF(AND(Q22>75%,R22>=5),"Reading At Grade Level","")))),"")),"") | Y22: =IF(C22<>"",R22/6,"")
A23: 13 | B23: 123456789024 | C23: Xavier Ramos | D23: Male | E23: 45833 | F23: 8 | H23: 7 | I23: =IF(AND(F23="",G23=""),"",IF(F23<7,F23+G23,F23+10+H23)) | J23: =IF(I23="","",IF(F23<7,IF(I23<=10,"Full Refresher","Moderate Refresher"),IF(I23<27,"Light Refresher","Grade Ready"))) | K23: 2 | L23: 21 | M23: =IF($C$9<>"",IF(OR(K23=1, K23=2),IF(K23=1,M$7-L23,$P$7-L23),""),"") | N23: 2 | O23: 0 | P23: =IF(AND(K23>0,M23>0,OR(N23>0,O23>0)),(M23/((N23*60)+O23))*60,"") | Q23: =IFERROR(IF(OR(K23=1, K23=2),IF(K23=1,M23/$M$7,M23/$P$7),""),"") | R23: 1 | S23: 2 | T23: Level 1 | U23: =IF(J23<>"",IF(J23="Full Refresher","Low Emerging Reader",IF(AND(K23>0,Q23<>""),IF(OR(Q23<=25%,AND(Q23>25%,Q23<=50%, R23=0)),"High Emerging Reader",IF(OR(AND(Q23>25%,Q23<51%, R23>=1),AND(Q23>50%,Q23<76%,R23<=2)),"Developing Reader",IF(OR(AND(Q23>=51%, Q23<76%,R23>=3),AND(Q23>75%,R23<=4)),"Transitioning Reader",IF(AND(Q23>75%,R23>=5),"Reading At Grade Level","")))),"")),"") | Y23: =IF(C23<>"",R23/6,"")
A24: 14 | B24: 123456789025 | C24: Sophia Garcia | D24: Female | E24: 45835 | F24: 0 | G24: 0 | H24: 10 | I24: =IF(AND(F24="",G24=""),"",IF(F24<7,F24+G24,F24+10+H24)) | J24: =IF(I24="","",IF(F24<7,IF(I24<=10,"Full Refresher","Moderate Refresher"),IF(I24<27,"Light Refresher","Grade Ready"))) | M24: =IF($C$9<>"",IF(OR(K24=1, K24=2),IF(K24=1,M$7-L24,$P$7-L24),""),"") | P24: =IF(AND(K24>0,M24>0,OR(N24>0,O24>0)),(M24/((N24*60)+O24))*60,"") | Q24: =IFERROR(IF(OR(K24=1, K24=2),IF(K24=1,M24/$M$7,M24/$P$7),""),"") | U24: =IF(J24<>"",IF(J24="Full Refresher","Low Emerging Reader",IF(AND(K24>0,Q24<>""),IF(OR(Q24<=25%,AND(Q24>25%,Q24<=50%, R24=0)),"High Emerging Reader",IF(OR(AND(Q24>25%,Q24<51%, R24>=1),AND(Q24>50%,Q24<76%,R24<=2)),"Developing Reader",IF(OR(AND(Q24>=51%, Q24<76%,R24>=3),AND(Q24>75%,R24<=4)),"Transitioning Reader",IF(AND(Q24>75%,R24>=5),"Reading At Grade Level","")))),"")),"") | Y24: =IF(C24<>"",R24/6,"")
A25: 15 | B25: 123456789026 | C25: Isabella Torres | D25: Female | E25: 45833 | F25: 0 | G25: 0 | I25: =IF(AND(F25="",G25=""),"",IF(F25<7,F25+G25,F25+10+H25)) | J25: =IF(I25="","",IF(F25<7,IF(I25<=10,"Full Refresher","Moderate Refresher"),IF(I25<27,"Light Refresher","Grade Ready"))) | M25: =IF($C$9<>"",IF(OR(K25=1, K25=2),IF(K25=1,M$7-L25,$P$7-L25),""),"") | P25: =IF(AND(K25>0,M25>0,OR(N25>0,O25>0)),(M25/((N25*60)+O25))*60,"") | Q25: =IFERROR(IF(OR(K25=1, K25=2),IF(K25=1,M25/$M$7,M25/$P$7),""),"") | U25: =IF(J25<>"",IF(J25="Full Refresher","Low Emerging Reader",IF(AND(K25>0,Q25<>""),IF(OR(Q25<=25%,AND(Q25>25%,Q25<=50%, R25=0)),"High Emerging Reader",IF(OR(AND(Q25>25%,Q25<51%, R25>=1),AND(Q25>50%,Q25<76%,R25<=2)),"Developing Reader",IF(OR(AND(Q25>=51%, Q25<76%,R25>=3),AND(Q25>75%,R25<=4)),"Transitioning Reader",IF(AND(Q25>75%,R25>=5),"Reading At Grade Level","")))),"")),"") | Y25: =IF(C25<>"",R25/6,"")
A26: 16 | B26: 123456789027 | C26: Mia Fernandez | D26: Female | E26: 45834 | F26: 9 | H26: 9 | I26: =IF(AND(F26="",G26=""),"",IF(F26<7,F26+G26,F26+10+H26)) | J26: =IF(I26="","",IF(F26<7,IF(I26<=10,"Full Refresher","Moderate Refresher"),IF(I26<27,"Light Refresher","Grade Ready"))) | K26: 2 | L26: 0 | M26: =IF($C$9<>"",IF(OR(K26=1, K26=2),IF(K26=1,M$7-L26,$P$7-L26),""),"") | N26: 2 | O26: 0 | P26: =IF(AND(K26>0,M26>0,OR(N26>0,O26>0)),(M26/((N26*60)+O26))*60,"") | Q26: =IFERROR(IF(OR(K26=1, K26=2),IF(K26=1,M26/$M$7,M26/$P$7),""),"") | R26: 4 | S26: 3 | T26: Level 3 | U26: =IF(J26<>"",IF(J26="Full Refresher","Low Emerging Reader",IF(AND(K26>0,Q26<>""),IF(OR(Q26<=25%,AND(Q26>25%,Q26<=50%, R26=0)),"High Emerging Reader",IF(OR(AND(Q26>25%,Q26<51%, R26>=1),AND(Q26>50%,Q26<76%,R26<=2)),"Developing Reader",IF(OR(AND(Q26>=51%, Q26<76%,R26>=3),AND(Q26>75%,R26<=4)),"Transitioning Reader",IF(AND(Q26>75%,R26>=5),"Reading At Grade Level","")))),"")),"") | Y26: =IF(C26<>"",R26/6,"")
A27: 17 | B27: 123456789028 | C27: Olivia Rivera | D27: Female | E27: 45834 | F27: 0 | G27: 0 | H27: 10 | I27: =IF(AND(F27="",G27=""),"",IF(F27<7,F27+G27,F27+10+H27)) | J27: =IF(I27="","",IF(F27<7,IF(I27<=10,"Full Refresher","Moderate Refresher"),IF(I27<27,"Light Refresher","Grade Ready"))) | M27: =IF($C$9<>"",IF(OR(K27=1, K27=2),IF(K27=1,M$7-L27,$P$7-L27),""),"") | P27: =IF(AND(K27>0,M27>0,OR(N27>0,O27>0)),(M27/((N27*60)+O27))*60,"") | Q27: =IFERROR(IF(OR(K27=1, K27=2),IF(K27=1,M27/$M$7,M27/$P$7),""),"") | U27: =IF(J27<>"",IF(J27="Full Refresher","Low Emerging Reader",IF(AND(K27>0,Q27<>""),IF(OR(Q27<=25%,AND(Q27>25%,Q27<=50%, R27=0)),"High Emerging Reader",IF(OR(AND(Q27>25%,Q27<51%, R27>=1),AND(Q27>50%,Q27<76%,R27<=2)),"Developing Reader",IF(OR(AND(Q27>=51%, Q27<76%,R27>=3),AND(Q27>75%,R27<=4)),"Transitioning Reader",IF(AND(Q27>75%,R27>=5),"Reading At Grade Level","")))),"")),"") | Y27: =IF(C27<>"",R27/6,"")
A28: 18 | B28: 123456789029 | C28: Chloe Morales | D28: Female | E28: 45834 | F28: 9 | H28: 9 | I28: =IF(AND(F28="",G28=""),"",IF(F28<7,F28+G28,F28+10+H28)) | J28: =IF(I28="","",IF(F28<7,IF(I28<=10,"Full Refresher","Moderate Refresher"),IF(I28<27,"Light Refresher","Grade Ready"))) | K28: 2 | L28: 0 | M28: =IF($C$9<>"",IF(OR(K28=1, K28=2),IF(K28=1,M$7-L28,$P$7-L28),""),"") | N28: 2 | O28: 0 | P28: =IF(AND(K28>0,M28>0,OR(N28>0,O28>0)),(M28/((N28*60)+O28))*60,"") | Q28: =IFERROR(IF(OR(K28=1, K28=2),IF(K28=1,M28/$M$7,M28/$P$7),""),"") | R28: 1 | S28: 3 | T28: Level 2 | U28: =IF(J28<>"",IF(J28="Full Refresher","Low Emerging Reader",IF(AND(K28>0,Q28<>""),IF(OR(Q28<=25%,AND(Q28>25%,Q28<=50%, R28=0)),"High Emerging Reader",IF(OR(AND(Q28>25%,Q28<51%, R28>=1),AND(Q28>50%,Q28<76%,R28<=2)),"Developing Reader",IF(OR(AND(Q28>=51%, Q28<76%,R28>=3),AND(Q28>75%,R28<=4)),"Transitioning Reader",IF(AND(Q28>75%,R28>=5),"Reading At Grade Level","")))),"")),"") | Y28: =IF(C28<>"",R28/6,"")
A29: 19 | B29: 123456789030 | C29: Gabriela Herrera | D29: Female | E29: 45833 | F29: 10 | H29: 10 | I29: =IF(AND(F29="",G29=""),"",IF(F29<7,F29+G29,F29+10+H29)) | J29: =IF(I29="","",IF(F29<7,IF(I29<=10,"Full Refresher","Moderate Refresher"),IF(I29<27,"Light Refresher","Grade Ready"))) | K29: 2 | L29: 0 | M29: =IF($C$9<>"",IF(OR(K29=1, K29=2),IF(K29=1,M$7-L29,$P$7-L29),""),"") | N29: 2 | O29: 0 | P29: =IF(AND(K29>0,M29>0,OR(N29>0,O29>0)),(M29/((N29*60)+O29))*60,"") | Q29: =IFERROR(IF(OR(K29=1, K29=2),IF(K29=1,M29/$M$7,M29/$P$7),""),"") | R29: 4 | S29: 3 | T29: Level 2 | U29: =IF(J29<>"",IF(J29="Full Refresher","Low Emerging Reader",IF(AND(K29>0,Q29<>""),IF(OR(Q29<=25%,AND(Q29>25%,Q29<=50%, R29=0)),"High Emerging Reader",IF(OR(AND(Q29>25%,Q29<51%, R29>=1),AND(Q29>50%,Q29<76%,R29<=2)),"Developing Reader",IF(OR(AND(Q29>=51%, Q29<76%,R29>=3),AND(Q29>75%,R29<=4)),"Transitioning Reader",IF(AND(Q29>75%,R29>=5),"Reading At Grade Level","")))),"")),"") | Y29: =IF(C29<>"",R29/6,"")
A30: 20 | B30: 123456789031 | C30: Hannah Gutierrez | D30: Female | E30: 45835 | F30: 10 | H30: 10 | I30: =IF(AND(F30="",G30=""),"",IF(F30<7,F30+G30,F30+10+H30)) | J30: =IF(I30="","",IF(F30<7,IF(I30<=10,"Full Refresher","Moderate Refresher"),IF(I30<27,"Light Refresher","Grade Ready"))) | K30: 2 | L30: 0 | M30: =IF($C$9<>"",IF(OR(K30=1, K30=2),IF(K30=1,M$7-L30,$P$7-L30),""),"") | N30: 2 | O30: 0 | P30: =IF(AND(K30>0,M30>0,OR(N30>0,O30>0)),(M30/((N30*60)+O30))*60,"") | Q30: =IFERROR(IF(OR(K30=1, K30=2),IF(K30=1,M30/$M$7,M30/$P$7),""),"") | R30: 2 | S30: 3 | T30: Level 3 | U30: =IF(J30<>"",IF(J30="Full Refresher","Low Emerging Reader",IF(AND(K30>0,Q30<>""),IF(OR(Q30<=25%,AND(Q30>25%,Q30<=50%, R30=0)),"High Emerging Reader",IF(OR(AND(Q30>25%,Q30<51%, R30>=1),AND(Q30>50%,Q30<76%,R30<=2)),"Developing Reader",IF(OR(AND(Q30>=51%, Q30<76%,R30>=3),AND(Q30>75%,R30<=4)),"Transitioning Reader",IF(AND(Q30>75%,R30>=5),"Reading At Grade Level","")))),"")),"") | Y30: =IF(C30<>"",R30/6,"")
A31: 21 | B31: 123456789032 | C31: Zoe Chavez | D31: Female | E31: 45835 | F31: 10 | H31: 10 | I31: =IF(AND(F31="",G31=""),"",IF(F31<7,F31+G31,F31+10+H31)) | J31: =IF(I31="","",IF(F31<7,IF(I31<=10,"Full Refresher","Moderate Refresher"),IF(I31<27,"Light Refresher","Grade Ready"))) | K31: 2 | L31: 0 | M31: =IF($C$9<>"",IF(OR(K31=1, K31=2),IF(K31=1,M$7-L31,$P$7-L31),""),"") | N31: 2 | O31: 0 | P31: =IF(AND(K31>0,M31>0,OR(N31>0,O31>0)),(M31/((N31*60)+O31))*60,"") | Q31: =IFERROR(IF(OR(K31=1, K31=2),IF(K31=1,M31/$M$7,M31/$P$7),""),"") | R31: 5 | S31: 4 | T31: Level 3 | U31: =IF(J31<>"",IF(J31="Full Refresher","Low Emerging Reader",IF(AND(K31>0,Q31<>""),IF(OR(Q31<=25%,AND(Q31>25%,Q31<=50%, R31=0)),"High Emerging Reader",IF(OR(AND(Q31>25%,Q31<51%, R31>=1),AND(Q31>50%,Q31<76%,R31<=2)),"Developing Reader",IF(OR(AND(Q31>=51%, Q31<76%,R31>=3),AND(Q31>75%,R31<=4)),"Transitioning Reader",IF(AND(Q31>75%,R31>=5),"Reading At Grade Level","")))),"")),"") | Y31: =IF(C31<>"",R31/6,"")
A32: 22 | B32: 123456789033 | C32: Eliana Salazar | D32: Female | E32: 45833 | F32: 0 | G32: 0 | H32: 10 | I32: =IF(AND(F32="",G32=""),"",IF(F32<7,F32+G32,F32+10+H32)) | J32: =IF(I32="","",IF(F32<7,IF(I32<=10,"Full Refresher","Moderate Refresher"),IF(I32<27,"Light Refresher","Grade Ready"))) | M32: =IF($C$9<>"",IF(OR(K32=1, K32=2),IF(K32=1,M$7-L32,$P$7-L32),""),"") | P32: =IF(AND(K32>0,M32>0,OR(N32>0,O32>0)),(M32/((N32*60)+O32))*60,"") | Q32: =IFERROR(IF(OR(K32=1, K32=2),IF(K32=1,M32/$M$7,M32/$P$7),""),"") | U32: =IF(J32<>"",IF(J32="Full Refresher","Low Emerging Reader",IF(AND(K32>0,Q32<>""),IF(OR(Q32<=25%,AND(Q32>25%,Q32<=50%, R32=0)),"High Emerging Reader",IF(OR(AND(Q32>25%,Q32<51%, R32>=1),AND(Q32>50%,Q32<76%,R32<=2)),"Developing Reader",IF(OR(AND(Q32>=51%, Q32<76%,R32>=3),AND(Q32>75%,R32<=4)),"Transitioning Reader",IF(AND(Q32>75%,R32>=5),"Reading At Grade Level","")))),"")),"") | Y32: =IF(C32<>"",R32/6,"")
A33: 23 | B33: 123456789034 | C33: Camille Vargas | D33: Female | E33: 45833 | F33: 0 | G33: 0 | I33: =IF(AND(F33="",G33=""),"",IF(F33<7,F33+G33,F33+10+H33)) | J33: =IF(I33="","",IF(F33<7,IF(I33<=10,"Full Refresher","Moderate Refresher"),IF(I33<27,"Light Refresher","Grade Ready"))) | M33: =IF($C$9<>"",IF(OR(K33=1, K33=2),IF(K33=1,M$7-L33,$P$7-L33),""),"") | P33: =IF(AND(K33>0,M33>0,OR(N33>0,O33>0)),(M33/((N33*60)+O33))*60,"") | Q33: =IFERROR(IF(OR(K33=1, K33=2),IF(K33=1,M33/$M$7,M33/$P$7),""),"") | U33: =IF(J33<>"",IF(J33="Full Refresher","Low Emerging Reader",IF(AND(K33>0,Q33<>""),IF(OR(Q33<=25%,AND(Q33>25%,Q33<=50%, R33=0)),"High Emerging Reader",IF(OR(AND(Q33>25%,Q33<51%, R33>=1),AND(Q33>50%,Q33<76%,R33<=2)),"Developing Reader",IF(OR(AND(Q33>=51%, Q33<76%,R33>=3),AND(Q33>75%,R33<=4)),"Transitioning Reader",IF(AND(Q33>75%,R33>=5),"Reading At Grade Level","")))),"")),"") | Y33: =IF(C33<>"",R33/6,"")
A34: 24 | B34: 123456789035 | C34: Aria Lozano | D34: Female | E34: 45834 | F34: 10 | H34: 10 | I34: =IF(AND(F34="",G34=""),"",IF(F34<7,F34+G34,F34+10+H34)) | J34: =IF(I34="","",IF(F34<7,IF(I34<=10,"Full Refresher","Moderate Refresher"),IF(I34<27,"Light Refresher","Grade Ready"))) | K34: 2 | L34: 0 | M34: =IF($C$9<>"",IF(OR(K34=1, K34=2),IF(K34=1,M$7-L34,$P$7-L34),""),"") | N34: 1 | O34: 59 | P34: =IF(AND(K34>0,M34>0,OR(N34>0,O34>0)),(M34/((N34*60)+O34))*60,"") | Q34: =IFERROR(IF(OR(K34=1, K34=2),IF(K34=1,M34/$M$7,M34/$P$7),""),"") | R34: 4 | S34: 3 | T34: Level 3 | U34: =IF(J34<>"",IF(J34="Full Refresher","Low Emerging Reader",IF(AND(K34>0,Q34<>""),IF(OR(Q34<=25%,AND(Q34>25%,Q34<=50%, R34=0)),"High Emerging Reader",IF(OR(AND(Q34>25%,Q34<51%, R34>=1),AND(Q34>50%,Q34<76%,R34<=2)),"Developing Reader",IF(OR(AND(Q34>=51%, Q34<76%,R34>=3),AND(Q34>75%,R34<=4)),"Transitioning Reader",IF(AND(Q34>75%,R34>=5),"Reading At Grade Level","")))),"")),"") | Y34: =IF(C34<>"",R34/6,"")
A35: 25 | H35: 10 | I35: =IF(AND(F35="",G35=""),"",IF(F35<7,F35+G35,F35+10+H35)) | J35: =IF(I35="","",IF(F35<7,IF(I35<=10,"Full Refresher","Moderate Refresher"),IF(I35<27,"Light Refresher","Grade Ready"))) | M35: =IF($C$9<>"",IF(OR(K35=1, K35=2),IF(K35=1,M$7-L35,$P$7-L35),""),"") | P35: =IF(AND(K35>0,M35>0,OR(N35>0,O35>0)),(M35/((N35*60)+O35))*60,"") | Q35: =IFERROR(IF(OR(K35=1, K35=2),IF(K35=1,M35/$M$7,M35/$P$7),""),"") | U35: =IF(J35<>"",IF(J35="Full Refresher","Low Emerging Reader",IF(AND(K35>0,Q35<>""),IF(OR(Q35<=25%,AND(Q35>25%,Q35<=50%, R35=0)),"High Emerging Reader",IF(OR(AND(Q35>25%,Q35<51%, R35>=1),AND(Q35>50%,Q35<76%,R35<=2)),"Developing Reader",IF(OR(AND(Q35>=51%, Q35<76%,R35>=3),AND(Q35>75%,R35<=4)),"Transitioning Reader",IF(AND(Q35>75%,R35>=5),"Reading At Grade Level","")))),"")),"") | Y35: =IF(C35<>"",R35/6,"")
A36: 26 | H36: 9 | I36: =IF(AND(F36="",G36=""),"",IF(F36<7,F36+G36,F36+10+H36)) | J36: =IF(I36="","",IF(F36<7,IF(I36<=10,"Full Refresher","Moderate Refresher"),IF(I36<27,"Light Refresher","Grade Ready"))) | M36: =IF($C$9<>"",IF(OR(K36=1, K36=2),IF(K36=1,M$7-L36,$P$7-L36),""),"") | P36: =IF(AND(K36>0,M36>0,OR(N36>0,O36>0)),(M36/((N36*60)+O36))*60,"") | Q36: =IFERROR(IF(OR(K36=1, K36=2),IF(K36=1,M36/$M$7,M36/$P$7),""),"") | U36: =IF(J36<>"",IF(J36="Full Refresher","Low Emerging Reader",IF(AND(K36>0,Q36<>""),IF(OR(Q36<=25%,AND(Q36>25%,Q36<=50%, R36=0)),"High Emerging Reader",IF(OR(AND(Q36>25%,Q36<51%, R36>=1),AND(Q36>50%,Q36<76%,R36<=2)),"Developing Reader",IF(OR(AND(Q36>=51%, Q36<76%,R36>=3),AND(Q36>75%,R36<=4)),"Transitioning Reader",IF(AND(Q36>75%,R36>=5),"Reading At Grade Level","")))),"")),"") | Y36: =IF(C36<>"",R36/6,"")
A37: 27 | H37: 9 | I37: =IF(AND(F37="",G37=""),"",IF(F37<7,F37+G37,F37+10+H37)) | J37: =IF(I37="","",IF(F37<7,IF(I37<=10,"Full Refresher","Moderate Refresher"),IF(I37<27,"Light Refresher","Grade Ready"))) | M37: =IF($C$9<>"",IF(OR(K37=1, K37=2),IF(K37=1,M$7-L37,$P$7-L37),""),"") | P37: =IF(AND(K37>0,M37>0,OR(N37>0,O37>0)),(M37/((N37*60)+O37))*60,"") | Q37: =IFERROR(IF(OR(K37=1, K37=2),IF(K37=1,M37/$M$7,M37/$P$7),""),"") | U37: =IF(J37<>"",IF(J37="Full Refresher","Low Emerging Reader",IF(AND(K37>0,Q37<>""),IF(OR(Q37<=25%,AND(Q37>25%,Q37<=50%, R37=0)),"High Emerging Reader",IF(OR(AND(Q37>25%,Q37<51%, R37>=1),AND(Q37>50%,Q37<76%,R37<=2)),"Developing Reader",IF(OR(AND(Q37>=51%, Q37<76%,R37>=3),AND(Q37>75%,R37<=4)),"Transitioning Reader",IF(AND(Q37>75%,R37>=5),"Reading At Grade Level","")))),"")),"") | Y37: =IF(C37<>"",R37/6,"")
A38: 28 | I38: =IF(AND(F38="",G38=""),"",IF(F38<7,F38+G38,F38+10+H38)) | J38: =IF(I38="","",IF(F38<7,IF(I38<=10,"Full Refresher","Moderate Refresher"),IF(I38<27,"Light Refresher","Grade Ready"))) | M38: =IF($C$9<>"",IF(OR(K38=1, K38=2),IF(K38=1,M$7-L38,$P$7-L38),""),"") | P38: =IF(AND(K38>0,M38>0,OR(N38>0,O38>0)),(M38/((N38*60)+O38))*60,"") | Q38: =IFERROR(IF(OR(K38=1, K38=2),IF(K38=1,M38/$M$7,M38/$P$7),""),"") | U38: =IF(J38<>"",IF(J38="Full Refresher","Low Emerging Reader",IF(AND(K38>0,Q38<>""),IF(OR(Q38<=25%,AND(Q38>25%,Q38<=50%, R38=0)),"High Emerging Reader",IF(OR(AND(Q38>25%,Q38<51%, R38>=1),AND(Q38>50%,Q38<76%,R38<=2)),"Developing Reader",IF(OR(AND(Q38>=51%, Q38<76%,R38>=3),AND(Q38>75%,R38<=4)),"Transitioning Reader",IF(AND(Q38>75%,R38>=5),"Reading At Grade Level","")))),"")),"") | Y38: =IF(C38<>"",R38/6,"")
A39: 29 | H39: 10 | I39: =IF(AND(F39="",G39=""),"",IF(F39<7,F39+G39,F39+10+H39)) | J39: =IF(I39="","",IF(F39<7,IF(I39<=10,"Full Refresher","Moderate Refresher"),IF(I39<27,"Light Refresher","Grade Ready"))) | M39: =IF($C$9<>"",IF(OR(K39=1, K39=2),IF(K39=1,M$7-L39,$P$7-L39),""),"") | P39: =IF(AND(K39>0,M39>0,OR(N39>0,O39>0)),(M39/((N39*60)+O39))*60,"") | Q39: =IFERROR(IF(OR(K39=1, K39=2),IF(K39=1,M39/$M$7,M39/$P$7),""),"") | U39: =IF(J39<>"",IF(J39="Full Refresher","Low Emerging Reader",IF(AND(K39>0,Q39<>""),IF(OR(Q39<=25%,AND(Q39>25%,Q39<=50%, R39=0)),"High Emerging Reader",IF(OR(AND(Q39>25%,Q39<51%, R39>=1),AND(Q39>50%,Q39<76%,R39<=2)),"Developing Reader",IF(OR(AND(Q39>=51%, Q39<76%,R39>=3),AND(Q39>75%,R39<=4)),"Transitioning Reader",IF(AND(Q39>75%,R39>=5),"Reading At Grade Level","")))),"")),"") | Y39: =IF(C39<>"",R39/6,"")
A40: 30 | H40: 10 | I40: =IF(AND(F40="",G40=""),"",IF(F40<7,F40+G40,F40+10+H40)) | J40: =IF(I40="","",IF(F40<7,IF(I40<=10,"Full Refresher","Moderate Refresher"),IF(I40<27,"Light Refresher","Grade Ready"))) | M40: =IF($C$9<>"",IF(OR(K40=1, K40=2),IF(K40=1,M$7-L40,$P$7-L40),""),"") | P40: =IF(AND(K40>0,M40>0,OR(N40>0,O40>0)),(M40/((N40*60)+O40))*60,"") | Q40: =IFERROR(IF(OR(K40=1, K40=2),IF(K40=1,M40/$M$7,M40/$P$7),""),"") | U40: =IF(J40<>"",IF(J40="Full Refresher","Low Emerging Reader",IF(AND(K40>0,Q40<>""),IF(OR(Q40<=25%,AND(Q40>25%,Q40<=50%, R40=0)),"High Emerging Reader",IF(OR(AND(Q40>25%,Q40<51%, R40>=1),AND(Q40>50%,Q40<76%,R40<=2)),"Developing Reader",IF(OR(AND(Q40>=51%, Q40<76%,R40>=3),AND(Q40>75%,R40<=4)),"Transitioning Reader",IF(AND(Q40>75%,R40>=5),"Reading At Grade Level","")))),"")),"") | Y40: =IF(C40<>"",R40/6,"")
A41: 31 | H41: 10 | I41: =IF(AND(F41="",G41=""),"",IF(F41<7,F41+G41,F41+10+H41)) | J41: =IF(I41="","",IF(F41<7,IF(I41<=10,"Full Refresher","Moderate Refresher"),IF(I41<27,"Light Refresher","Grade Ready"))) | M41: =IF($C$9<>"",IF(OR(K41=1, K41=2),IF(K41=1,M$7-L41,$P$7-L41),""),"") | P41: =IF(AND(K41>0,M41>0,OR(N41>0,O41>0)),(M41/((N41*60)+O41))*60,"") | Q41: =IFERROR(IF(OR(K41=1, K41=2),IF(K41=1,M41/$M$7,M41/$P$7),""),"") | U41: =IF(J41<>"",IF(J41="Full Refresher","Low Emerging Reader",IF(AND(K41>0,Q41<>""),IF(OR(Q41<=25%,AND(Q41>25%,Q41<=50%, R41=0)),"High Emerging Reader",IF(OR(AND(Q41>25%,Q41<51%, R41>=1),AND(Q41>50%,Q41<76%,R41<=2)),"Developing Reader",IF(OR(AND(Q41>=51%, Q41<76%,R41>=3),AND(Q41>75%,R41<=4)),"Transitioning Reader",IF(AND(Q41>75%,R41>=5),"Reading At Grade Level","")))),"")),"") | Y41: =IF(C41<>"",R41/6,"")
A42: 32 | I42: =IF(AND(F42="",G42=""),"",IF(F42<7,F42+G42,F42+10+H42)) | J42: =IF(I42="","",IF(F42<7,IF(I42<=10,"Full Refresher","Moderate Refresher"),IF(I42<27,"Light Refresher","Grade Ready"))) | M42: =IF($C$9<>"",IF(OR(K42=1, K42=2),IF(K42=1,M$7-L42,$P$7-L42),""),"") | P42: =IF(AND(K42>0,M42>0,OR(N42>0,O42>0)),(M42/((N42*60)+O42))*60,"") | Q42: =IFERROR(IF(OR(K42=1, K42=2),IF(K42=1,M42/$M$7,M42/$P$7),""),"") | U42: =IF(J42<>"",IF(J42="Full Refresher","Low Emerging Reader",IF(AND(K42>0,Q42<>""),IF(OR(Q42<=25%,AND(Q42>25%,Q42<=50%, R42=0)),"High Emerging Reader",IF(OR(AND(Q42>25%,Q42<51%, R42>=1),AND(Q42>50%,Q42<76%,R42<=2)),"Developing Reader",IF(OR(AND(Q42>=51%, Q42<76%,R42>=3),AND(Q42>75%,R42<=4)),"Transitioning Reader",IF(AND(Q42>75%,R42>=5),"Reading At Grade Level","")))),"")),"") | Y42: =IF(C42<>"",R42/6,"")
A43: 33 | I43: =IF(AND(F43="",G43=""),"",IF(F43<7,F43+G43,F43+10+H43)) | J43: =IF(I43="","",IF(F43<7,IF(I43<=10,"Full Refresher","Moderate Refresher"),IF(I43<27,"Light Refresher","Grade Ready"))) | M43: =IF($C$9<>"",IF(OR(K43=1, K43=2),IF(K43=1,M$7-L43,$P$7-L43),""),"") | P43: =IF(AND(K43>0,M43>0,OR(N43>0,O43>0)),(M43/((N43*60)+O43))*60,"") | Q43: =IFERROR(IF(OR(K43=1, K43=2),IF(K43=1,M43/$M$7,M43/$P$7),""),"") | U43: =IF(J43<>"",IF(J43="Full Refresher","Low Emerging Reader",IF(AND(K43>0,Q43<>""),IF(OR(Q43<=25%,AND(Q43>25%,Q43<=50%, R43=0)),"High Emerging Reader",IF(OR(AND(Q43>25%,Q43<51%, R43>=1),AND(Q43>50%,Q43<76%,R43<=2)),"Developing Reader",IF(OR(AND(Q43>=51%, Q43<76%,R43>=3),AND(Q43>75%,R43<=4)),"Transitioning Reader",IF(AND(Q43>75%,R43>=5),"Reading At Grade Level","")))),"")),"") | Y43: =IF(C43<>"",R43/6,"")
A44: 34 | I44: =IF(AND(F44="",G44=""),"",IF(F44<7,F44+G44,F44+10+H44)) | J44: =IF(I44="","",IF(F44<7,IF(I44<=10,"Full Refresher","Moderate Refresher"),IF(I44<27,"Light Refresher","Grade Ready"))) | M44: =IF($C$9<>"",IF(OR(K44=1, K44=2),IF(K44=1,M$7-L44,$P$7-L44),""),"") | P44: =IF(AND(K44>0,M44>0,OR(N44>0,O44>0)),(M44/((N44*60)+O44))*60,"") | Q44: =IFERROR(IF(OR(K44=1, K44=2),IF(K44=1,M44/$M$7,M44/$P$7),""),"") | U44: =IF(J44<>"",IF(J44="Full Refresher","Low Emerging Reader",IF(AND(K44>0,Q44<>""),IF(OR(Q44<=25%,AND(Q44>25%,Q44<=50%, R44=0)),"High Emerging Reader",IF(OR(AND(Q44>25%,Q44<51%, R44>=1),AND(Q44>50%,Q44<76%,R44<=2)),"Developing Reader",IF(OR(AND(Q44>=51%, Q44<76%,R44>=3),AND(Q44>75%,R44<=4)),"Transitioning Reader",IF(AND(Q44>75%,R44>=5),"Reading At Grade Level","")))),"")),"") | Y44: =IF(C44<>"",R44/6,"")
A45: 35 | I45: =IF(AND(F45="",G45=""),"",IF(F45<7,F45+G45,F45+10+H45)) | J45: =IF(I45="","",IF(F45<7,IF(I45<=10,"Full Refresher","Moderate Refresher"),IF(I45<27,"Light Refresher","Grade Ready"))) | M45: =IF($C$9<>"",IF(OR(K45=1, K45=2),IF(K45=1,M$7-L45,$P$7-L45),""),"") | P45: =IF(AND(K45>0,M45>0,OR(N45>0,O45>0)),(M45/((N45*60)+O45))*60,"") | Q45: =IFERROR(IF(OR(K45=1, K45=2),IF(K45=1,M45/$M$7,M45/$P$7),""),"") | U45: =IF(J45<>"",IF(J45="Full Refresher","Low Emerging Reader",IF(AND(K45>0,Q45<>""),IF(OR(Q45<=25%,AND(Q45>25%,Q45<=50%, R45=0)),"High Emerging Reader",IF(OR(AND(Q45>25%,Q45<51%, R45>=1),AND(Q45>50%,Q45<76%,R45<=2)),"Developing Reader",IF(OR(AND(Q45>=51%, Q45<76%,R45>=3),AND(Q45>75%,R45<=4)),"Transitioning Reader",IF(AND(Q45>75%,R45>=5),"Reading At Grade Level","")))),"")),"") | Y45: =IF(C45<>"",R45/6,"")
A46: 36 | I46: =IF(AND(F46="",G46=""),"",IF(F46<7,F46+G46,F46+10+H46)) | J46: =IF(I46="","",IF(F46<7,IF(I46<=10,"Full Refresher","Moderate Refresher"),IF(I46<27,"Light Refresher","Grade Ready"))) | M46: =IF($C$9<>"",IF(OR(K46=1, K46=2),IF(K46=1,M$7-L46,$P$7-L46),""),"") | P46: =IF(AND(K46>0,M46>0,OR(N46>0,O46>0)),(M46/((N46*60)+O46))*60,"") | Q46: =IFERROR(IF(OR(K46=1, K46=2),IF(K46=1,M46/$M$7,M46/$P$7),""),"") | U46: =IF(J46<>"",IF(J46="Full Refresher","Low Emerging Reader",IF(AND(K46>0,Q46<>""),IF(OR(Q46<=25%,AND(Q46>25%,Q46<=50%, R46=0)),"High Emerging Reader",IF(OR(AND(Q46>25%,Q46<51%, R46>=1),AND(Q46>50%,Q46<76%,R46<=2)),"Developing Reader",IF(OR(AND(Q46>=51%, Q46<76%,R46>=3),AND(Q46>75%,R46<=4)),"Transitioning Reader",IF(AND(Q46>75%,R46>=5),"Reading At Grade Level","")))),"")),"") | Y46: =IF(C46<>"",R46/6,"")
A47: 37 | I47: =IF(AND(F47="",G47=""),"",IF(F47<7,F47+G47,F47+10+H47)) | J47: =IF(I47="","",IF(F47<7,IF(I47<=10,"Full Refresher","Moderate Refresher"),IF(I47<27,"Light Refresher","Grade Ready"))) | M47: =IF($C$9<>"",IF(OR(K47=1, K47=2),IF(K47=1,M$7-L47,$P$7-L47),""),"") | P47: =IF(AND(K47>0,M47>0,OR(N47>0,O47>0)),(M47/((N47*60)+O47))*60,"") | Q47: =IFERROR(IF(OR(K47=1, K47=2),IF(K47=1,M47/$M$7,M47/$P$7),""),"") | U47: =IF(J47<>"",IF(J47="Full Refresher","Low Emerging Reader",IF(AND(K47>0,Q47<>""),IF(OR(Q47<=25%,AND(Q47>25%,Q47<=50%, R47=0)),"High Emerging Reader",IF(OR(AND(Q47>25%,Q47<51%, R47>=1),AND(Q47>50%,Q47<76%,R47<=2)),"Developing Reader",IF(OR(AND(Q47>=51%, Q47<76%,R47>=3),AND(Q47>75%,R47<=4)),"Transitioning Reader",IF(AND(Q47>75%,R47>=5),"Reading At Grade Level","")))),"")),"") | Y47: =IF(C47<>"",R47/6,"")
A48: 38 | I48: =IF(AND(F48="",G48=""),"",IF(F48<7,F48+G48,F48+10+H48)) | J48: =IF(I48="","",IF(F48<7,IF(I48<=10,"Full Refresher","Moderate Refresher"),IF(I48<27,"Light Refresher","Grade Ready"))) | M48: =IF($C$9<>"",IF(OR(K48=1, K48=2),IF(K48=1,M$7-L48,$P$7-L48),""),"") | P48: =IF(AND(K48>0,M48>0,OR(N48>0,O48>0)),(M48/((N48*60)+O48))*60,"") | Q48: =IFERROR(IF(OR(K48=1, K48=2),IF(K48=1,M48/$M$7,M48/$P$7),""),"") | U48: =IF(J48<>"",IF(J48="Full Refresher","Low Emerging Reader",IF(AND(K48>0,Q48<>""),IF(OR(Q48<=25%,AND(Q48>25%,Q48<=50%, R48=0)),"High Emerging Reader",IF(OR(AND(Q48>25%,Q48<51%, R48>=1),AND(Q48>50%,Q48<76%,R48<=2)),"Developing Reader",IF(OR(AND(Q48>=51%, Q48<76%,R48>=3),AND(Q48>75%,R48<=4)),"Transitioning Reader",IF(AND(Q48>75%,R48>=5),"Reading At Grade Level","")))),"")),"") | Y48: =IF(C48<>"",R48/6,"")
A49: 39 | I49: =IF(AND(F49="",G49=""),"",IF(F49<7,F49+G49,F49+10+H49)) | J49: =IF(I49="","",IF(F49<7,IF(I49<=10,"Full Refresher","Moderate Refresher"),IF(I49<27,"Light Refresher","Grade Ready"))) | M49: =IF($C$9<>"",IF(OR(K49=1, K49=2),IF(K49=1,M$7-L49,$P$7-L49),""),"") | P49: =IF(AND(K49>0,M49>0,OR(N49>0,O49>0)),(M49/((N49*60)+O49))*60,"") | Q49: =IFERROR(IF(OR(K49=1, K49=2),IF(K49=1,M49/$M$7,M49/$P$7),""),"") | U49: =IF(J49<>"",IF(J49="Full Refresher","Low Emerging Reader",IF(AND(K49>0,Q49<>""),IF(OR(Q49<=25%,AND(Q49>25%,Q49<=50%, R49=0)),"High Emerging Reader",IF(OR(AND(Q49>25%,Q49<51%, R49>=1),AND(Q49>50%,Q49<76%,R49<=2)),"Developing Reader",IF(OR(AND(Q49>=51%, Q49<76%,R49>=3),AND(Q49>75%,R49<=4)),"Transitioning Reader",IF(AND(Q49>75%,R49>=5),"Reading At Grade Level","")))),"")),"") | Y49: =IF(C49<>"",R49/6,"")
A50: 40 | I50: =IF(AND(F50="",G50=""),"",IF(F50<7,F50+G50,F50+10+H50)) | J50: =IF(I50="","",IF(F50<7,IF(I50<=10,"Full Refresher","Moderate Refresher"),IF(I50<27,"Light Refresher","Grade Ready"))) | M50: =IF($C$9<>"",IF(OR(K50=1, K50=2),IF(K50=1,M$7-L50,$P$7-L50),""),"") | P50: =IF(AND(K50>0,M50>0,OR(N50>0,O50>0)),(M50/((N50*60)+O50))*60,"") | Q50: =IFERROR(IF(OR(K50=1, K50=2),IF(K50=1,M50/$M$7,M50/$P$7),""),"") | U50: =IF(J50<>"",IF(J50="Full Refresher","Low Emerging Reader",IF(AND(K50>0,Q50<>""),IF(OR(Q50<=25%,AND(Q50>25%,Q50<=50%, R50=0)),"High Emerging Reader",IF(OR(AND(Q50>25%,Q50<51%, R50>=1),AND(Q50>50%,Q50<76%,R50<=2)),"Developing Reader",IF(OR(AND(Q50>=51%, Q50<76%,R50>=3),AND(Q50>75%,R50<=4)),"Transitioning Reader",IF(AND(Q50>75%,R50>=5),"Reading At Grade Level","")))),"")),"") | Y50: =IF(C50<>"",R50/6,"")
A51: 41 | I51: =IF(AND(F51="",G51=""),"",IF(F51<7,F51+G51,F51+10+H51)) | J51: =IF(I51="","",IF(F51<7,IF(I51<=10,"Full Refresher","Moderate Refresher"),IF(I51<27,"Light Refresher","Grade Ready"))) | M51: =IF($C$9<>"",IF(OR(K51=1, K51=2),IF(K51=1,M$7-L51,$P$7-L51),""),"") | P51: =IF(AND(K51>0,M51>0,OR(N51>0,O51>0)),(M51/((N51*60)+O51))*60,"") | Q51: =IFERROR(IF(OR(K51=1, K51=2),IF(K51=1,M51/$M$7,M51/$P$7),""),"") | U51: =IF(J51<>"",IF(J51="Full Refresher","Low Emerging Reader",IF(AND(K51>0,Q51<>""),IF(OR(Q51<=25%,AND(Q51>25%,Q51<=50%, R51=0)),"High Emerging Reader",IF(OR(AND(Q51>25%,Q51<51%, R51>=1),AND(Q51>50%,Q51<76%,R51<=2)),"Developing Reader",IF(OR(AND(Q51>=51%, Q51<76%,R51>=3),AND(Q51>75%,R51<=4)),"Transitioning Reader",IF(AND(Q51>75%,R51>=5),"Reading At Grade Level","")))),"")),"") | Y51: =IF(C51<>"",R51/6,"")
A52: 42 | I52: =IF(AND(F52="",G52=""),"",IF(F52<7,F52+G52,F52+10+H52)) | J52: =IF(I52="","",IF(F52<7,IF(I52<=10,"Full Refresher","Moderate Refresher"),IF(I52<27,"Light Refresher","Grade Ready"))) | M52: =IF($C$9<>"",IF(OR(K52=1, K52=2),IF(K52=1,M$7-L52,$P$7-L52),""),"") | P52: =IF(AND(K52>0,M52>0,OR(N52>0,O52>0)),(M52/((N52*60)+O52))*60,"") | Q52: =IFERROR(IF(OR(K52=1, K52=2),IF(K52=1,M52/$M$7,M52/$P$7),""),"") | U52: =IF(J52<>"",IF(J52="Full Refresher","Low Emerging Reader",IF(AND(K52>0,Q52<>""),IF(OR(Q52<=25%,AND(Q52>25%,Q52<=50%, R52=0)),"High Emerging Reader",IF(OR(AND(Q52>25%,Q52<51%, R52>=1),AND(Q52>50%,Q52<76%,R52<=2)),"Developing Reader",IF(OR(AND(Q52>=51%, Q52<76%,R52>=3),AND(Q52>75%,R52<=4)),"Transitioning Reader",IF(AND(Q52>75%,R52>=5),"Reading At Grade Level","")))),"")),"") | Y52: =IF(C52<>"",R52/6,"")
A53: 43 | I53: =IF(AND(F53="",G53=""),"",IF(F53<7,F53+G53,F53+10+H53)) | J53: =IF(I53="","",IF(F53<7,IF(I53<=10,"Full Refresher","Moderate Refresher"),IF(I53<27,"Light Refresher","Grade Ready"))) | M53: =IF($C$9<>"",IF(OR(K53=1, K53=2),IF(K53=1,M$7-L53,$P$7-L53),""),"") | P53: =IF(AND(K53>0,M53>0,OR(N53>0,O53>0)),(M53/((N53*60)+O53))*60,"") | Q53: =IFERROR(IF(OR(K53=1, K53=2),IF(K53=1,M53/$M$7,M53/$P$7),""),"") | U53: =IF(J53<>"",IF(J53="Full Refresher","Low Emerging Reader",IF(AND(K53>0,Q53<>""),IF(OR(Q53<=25%,AND(Q53>25%,Q53<=50%, R53=0)),"High Emerging Reader",IF(OR(AND(Q53>25%,Q53<51%, R53>=1),AND(Q53>50%,Q53<76%,R53<=2)),"Developing Reader",IF(OR(AND(Q53>=51%, Q53<76%,R53>=3),AND(Q53>75%,R53<=4)),"Transitioning Reader",IF(AND(Q53>75%,R53>=5),"Reading At Grade Level","")))),"")),"") | Y53: =IF(C53<>"",R53/6,"")
... A69: 59 | I69: =IF(AND(F69="",G69=""),"",IF(F69<7,F69+G69,F69+10+H69)) | J69: =IF(I69="","",IF(F69<7,IF(I69<=10,"Full Refresher","Moderate Refresher"),IF(I69<27,"Light Refresher","Grade Ready"))) | M69: =IF($C$9<>"",IF(OR(K69=1, K69=2),IF(K69=1,M$7-L69,$P$7-L69),""),"") | P69: =IF(AND(K69>0,M69>0,OR(N69>0,O69>0)),(M69/((N69*60)+O69))*60,"") | Q69: =IFERROR(IF(OR(K69=1, K69=2),IF(K69=1,M69/$M$7,M69/$P$7),""),"") | U69: =IF(J69<>"",IF(J69="Full Refresher","Low Emerging Reader",IF(AND(K69>0,Q69<>""),IF(OR(Q69<=25%,AND(Q69>25%,Q69<=50%, R69=0)),"High Emerging Reader",IF(OR(AND(Q69>25%,Q69<51%, R69>=1),AND(Q69>50%,Q69<76%,R69<=2)),"Developing Reader",IF(OR(AND(Q69>=51%, Q69<76%,R69>=3),AND(Q69>75%,R69<=4)),"Transitioning Reader",IF(AND(Q69>75%,R69>=5),"Reading At Grade Level","")))),"")),"") | Y69: =IF(C69<>"",R69/6,"")
A70: =A69+1 | I70: =IF(AND(F70="",G70=""),"",IF(F70<7,F70+G70,F70+10+H70)) | J70: =IF(I70="","",IF(F70<7,IF(I70<=10,"Full Refresher","Moderate Refresher"),IF(I70<27,"Light Refresher","Grade Ready"))) | M70: =IF($C$9<>"",IF(OR(K70=1, K70=2),IF(K70=1,M$7-L70,$P$7-L70),""),"") | P70: =IF(AND(K70>0,M70>0,OR(N70>0,O70>0)),(M70/((N70*60)+O70))*60,"") | Q70: =IFERROR(IF(OR(K70=1, K70=2),IF(K70=1,M70/$M$7,M70/$P$7),""),"") | U70: =IF(J70<>"",IF(J70="Full Refresher","Low Emerging Reader",IF(AND(K70>0,Q70<>""),IF(OR(Q70<=25%,AND(Q70>25%,Q70<=50%, R70=0)),"High Emerging Reader",IF(OR(AND(Q70>25%,Q70<51%, R70>=1),AND(Q70>50%,Q70<76%,R70<=2)),"Developing Reader",IF(OR(AND(Q70>=51%, Q70<76%,R70>=3),AND(Q70>75%,R70<=4)),"Transitioning Reader",IF(AND(Q70>75%,R70>=5),"Reading At Grade Level","")))),"")),"") | Y70: =IF(C70<>"",R70/6,"")
A71: =A70+1 | I71: =IF(AND(F71="",G71=""),"",IF(F71<7,F71+G71,F71+10+H71)) | J71: =IF(I71="","",IF(F71<7,IF(I71<=10,"Full Refresher","Moderate Refresher"),IF(I71<27,"Light Refresher","Grade Ready"))) | M71: =IF($C$9<>"",IF(OR(K71=1, K71=2),IF(K71=1,M$7-L71,$P$7-L71),""),"") | P71: =IF(AND(K71>0,M71>0,OR(N71>0,O71>0)),(M71/((N71*60)+O71))*60,"") | Q71: =IFERROR(IF(OR(K71=1, K71=2),IF(K71=1,M71/$M$7,M71/$P$7),""),"") | U71: =IF(J71<>"",IF(J71="Full Refresher","Low Emerging Reader",IF(AND(K71>0,Q71<>""),IF(OR(Q71<=25%,AND(Q71>25%,Q71<=50%, R71=0)),"High Emerging Reader",IF(OR(AND(Q71>25%,Q71<51%, R71>=1),AND(Q71>50%,Q71<76%,R71<=2)),"Developing Reader",IF(OR(AND(Q71>=51%, Q71<76%,R71>=3),AND(Q71>75%,R71<=4)),"Transitioning Reader",IF(AND(Q71>75%,R71>=5),"Reading At Grade Level","")))),"")),"") | Y71: =IF(C71<>"",R71/6,"")
A72: =A71+1 | I72: =IF(AND(F72="",G72=""),"",IF(F72<7,F72+G72,F72+10+H72)) | J72: =IF(I72="","",IF(F72<7,IF(I72<=10,"Full Refresher","Moderate Refresher"),IF(I72<27,"Light Refresher","Grade Ready"))) | M72: =IF($C$9<>"",IF(OR(K72=1, K72=2),IF(K72=1,M$7-L72,$P$7-L72),""),"") | P72: =IF(AND(K72>0,M72>0,OR(N72>0,O72>0)),(M72/((N72*60)+O72))*60,"") | Q72: =IFERROR(IF(OR(K72=1, K72=2),IF(K72=1,M72/$M$7,M72/$P$7),""),"") | U72: =IF(J72<>"",IF(J72="Full Refresher","Low Emerging Reader",IF(AND(K72>0,Q72<>""),IF(OR(Q72<=25%,AND(Q72>25%,Q72<=50%, R72=0)),"High Emerging Reader",IF(OR(AND(Q72>25%,Q72<51%, R72>=1),AND(Q72>50%,Q72<76%,R72<=2)),"Developing Reader",IF(OR(AND(Q72>=51%, Q72<76%,R72>=3),AND(Q72>75%,R72<=4)),"Transitioning Reader",IF(AND(Q72>75%,R72>=5),"Reading At Grade Level","")))),"")),"") | Y72: =IF(C72<>"",R72/6,"")
A73: =A72+1 | I73: =IF(AND(F73="",G73=""),"",IF(F73<7,F73+G73,F73+10+H73)) | J73: =IF(I73="","",IF(F73<7,IF(I73<=10,"Full Refresher","Moderate Refresher"),IF(I73<27,"Light Refresher","Grade Ready"))) | M73: =IF($C$9<>"",IF(OR(K73=1, K73=2),IF(K73=1,M$7-L73,$P$7-L73),""),"") | P73: =IF(AND(K73>0,M73>0,OR(N73>0,O73>0)),(M73/((N73*60)+O73))*60,"") | Q73: =IFERROR(IF(OR(K73=1, K73=2),IF(K73=1,M73/$M$7,M73/$P$7),""),"") | U73: =IF(J73<>"",IF(J73="Full Refresher","Low Emerging Reader",IF(AND(K73>0,Q73<>""),IF(OR(Q73<=25%,AND(Q73>25%,Q73<=50%, R73=0)),"High Emerging Reader",IF(OR(AND(Q73>25%,Q73<51%, R73>=1),AND(Q73>50%,Q73<76%,R73<=2)),"Developing Reader",IF(OR(AND(Q73>=51%, Q73<76%,R73>=3),AND(Q73>75%,R73<=4)),"Transitioning Reader",IF(AND(Q73>75%,R73>=5),"Reading At Grade Level","")))),"")),"") | Y73: =IF(C73<>"",R73/6,"")
A74: =A73+1 | I74: =IF(AND(F74="",G74=""),"",IF(F74<7,F74+G74,F74+10+H74)) | J74: =IF(I74="","",IF(F74<7,IF(I74<=10,"Full Refresher","Moderate Refresher"),IF(I74<27,"Light Refresher","Grade Ready"))) | M74: =IF($C$9<>"",IF(OR(K74=1, K74=2),IF(K74=1,M$7-L74,$P$7-L74),""),"") | P74: =IF(AND(K74>0,M74>0,OR(N74>0,O74>0)),(M74/((N74*60)+O74))*60,"") | Q74: =IFERROR(IF(OR(K74=1, K74=2),IF(K74=1,M74/$M$7,M74/$P$7),""),"") | U74: =IF(J74<>"",IF(J74="Full Refresher","Low Emerging Reader",IF(AND(K74>0,Q74<>""),IF(OR(Q74<=25%,AND(Q74>25%,Q74<=50%, R74=0)),"High Emerging Reader",IF(OR(AND(Q74>25%,Q74<51%, R74>=1),AND(Q74>50%,Q74<76%,R74<=2)),"Developing Reader",IF(OR(AND(Q74>=51%, Q74<76%,R74>=3),AND(Q74>75%,R74<=4)),"Transitioning Reader",IF(AND(Q74>75%,R74>=5),"Reading At Grade Level","")))),"")),"") | Y74: =IF(C74<>"",R74/6,"")
A75: =A74+1 | I75: =IF(AND(F75="",G75=""),"",IF(F75<7,F75+G75,F75+10+H75)) | J75: =IF(I75="","",IF(F75<7,IF(I75<=10,"Full Refresher","Moderate Refresher"),IF(I75<27,"Light Refresher","Grade Ready"))) | M75: =IF($C$9<>"",IF(OR(K75=1, K75=2),IF(K75=1,M$7-L75,$P$7-L75),""),"") | P75: =IF(AND(K75>0,M75>0,OR(N75>0,O75>0)),(M75/((N75*60)+O75))*60,"") | Q75: =IFERROR(IF(OR(K75=1, K75=2),IF(K75=1,M75/$M$7,M75/$P$7),""),"") | U75: =IF(J75<>"",IF(J75="Full Refresher","Low Emerging Reader",IF(AND(K75>0,Q75<>""),IF(OR(Q75<=25%,AND(Q75>25%,Q75<=50%, R75=0)),"High Emerging Reader",IF(OR(AND(Q75>25%,Q75<51%, R75>=1),AND(Q75>50%,Q75<76%,R75<=2)),"Developing Reader",IF(OR(AND(Q75>=51%, Q75<76%,R75>=3),AND(Q75>75%,R75<=4)),"Transitioning Reader",IF(AND(Q75>75%,R75>=5),"Reading At Grade Level","")))),"")),"") | Y75: =IF(C75<>"",R75/6,"")
A76: =A75+1 | I76: =IF(AND(F76="",G76=""),"",IF(F76<7,F76+G76,F76+10+H76)) | J76: =IF(I76="","",IF(F76<7,IF(I76<=10,"Full Refresher","Moderate Refresher"),IF(I76<27,"Light Refresher","Grade Ready"))) | M76: =IF($C$9<>"",IF(OR(K76=1, K76=2),IF(K76=1,M$7-L76,$P$7-L76),""),"") | P76: =IF(AND(K76>0,M76>0,OR(N76>0,O76>0)),(M76/((N76*60)+O76))*60,"") | Q76: =IFERROR(IF(OR(K76=1, K76=2),IF(K76=1,M76/$M$7,M76/$P$7),""),"") | U76: =IF(J76<>"",IF(J76="Full Refresher","Low Emerging Reader",IF(AND(K76>0,Q76<>""),IF(OR(Q76<=25%,AND(Q76>25%,Q76<=50%, R76=0)),"High Emerging Reader",IF(OR(AND(Q76>25%,Q76<51%, R76>=1),AND(Q76>50%,Q76<76%,R76<=2)),"Developing Reader",IF(OR(AND(Q76>=51%, Q76<76%,R76>=3),AND(Q76>75%,R76<=4)),"Transitioning Reader",IF(AND(Q76>75%,R76>=5),"Reading At Grade Level","")))),"")),"") | Y76: =IF(C76<>"",R76/6,"")
A77: =A76+1 | I77: =IF(AND(F77="",G77=""),"",IF(F77<7,F77+G77,F77+10+H77)) | J77: =IF(I77="","",IF(F77<7,IF(I77<=10,"Full Refresher","Moderate Refresher"),IF(I77<27,"Light Refresher","Grade Ready"))) | M77: =IF($C$9<>"",IF(OR(K77=1, K77=2),IF(K77=1,M$7-L77,$P$7-L77),""),"") | P77: =IF(AND(K77>0,M77>0,OR(N77>0,O77>0)),(M77/((N77*60)+O77))*60,"") | Q77: =IFERROR(IF(OR(K77=1, K77=2),IF(K77=1,M77/$M$7,M77/$P$7),""),"") | U77: =IF(J77<>"",IF(J77="Full Refresher","Low Emerging Reader",IF(AND(K77>0,Q77<>""),IF(OR(Q77<=25%,AND(Q77>25%,Q77<=50%, R77=0)),"High Emerging Reader",IF(OR(AND(Q77>25%,Q77<51%, R77>=1),AND(Q77>50%,Q77<76%,R77<=2)),"Developing Reader",IF(OR(AND(Q77>=51%, Q77<76%,R77>=3),AND(Q77>75%,R77<=4)),"Transitioning Reader",IF(AND(Q77>75%,R77>=5),"Reading At Grade Level","")))),"")),"") | Y77: =IF(C77<>"",R77/6,"")
A78: =A77+1 | I78: =IF(AND(F78="",G78=""),"",IF(F78<7,F78+G78,F78+10+H78)) | J78: =IF(I78="","",IF(F78<7,IF(I78<=10,"Full Refresher","Moderate Refresher"),IF(I78<27,"Light Refresher","Grade Ready"))) | M78: =IF($C$9<>"",IF(OR(K78=1, K78=2),IF(K78=1,M$7-L78,$P$7-L78),""),"") | P78: =IF(AND(K78>0,M78>0,OR(N78>0,O78>0)),(M78/((N78*60)+O78))*60,"") | Q78: =IFERROR(IF(OR(K78=1, K78=2),IF(K78=1,M78/$M$7,M78/$P$7),""),"") | U78: =IF(J78<>"",IF(J78="Full Refresher","Low Emerging Reader",IF(AND(K78>0,Q78<>""),IF(OR(Q78<=25%,AND(Q78>25%,Q78<=50%, R78=0)),"High Emerging Reader",IF(OR(AND(Q78>25%,Q78<51%, R78>=1),AND(Q78>50%,Q78<76%,R78<=2)),"Developing Reader",IF(OR(AND(Q78>=51%, Q78<76%,R78>=3),AND(Q78>75%,R78<=4)),"Transitioning Reader",IF(AND(Q78>75%,R78>=5),"Reading At Grade Level","")))),"")),"") | Y78: =IF(C78<>"",R78/6,"")
A79: =A78+1 | I79: =IF(AND(F79="",G79=""),"",IF(F79<7,F79+G79,F79+10+H79)) | J79: =IF(I79="","",IF(F79<7,IF(I79<=10,"Full Refresher","Moderate Refresher"),IF(I79<27,"Light Refresher","Grade Ready"))) | M79: =IF($C$9<>"",IF(OR(K79=1, K79=2),IF(K79=1,M$7-L79,$P$7-L79),""),"") | P79: =IF(AND(K79>0,M79>0,OR(N79>0,O79>0)),(M79/((N79*60)+O79))*60,"") | Q79: =IFERROR(IF(OR(K79=1, K79=2),IF(K79=1,M79/$M$7,M79/$P$7),""),"") | U79: =IF(J79<>"",IF(J79="Full Refresher","Low Emerging Reader",IF(AND(K79>0,Q79<>""),IF(OR(Q79<=25%,AND(Q79>25%,Q79<=50%, R79=0)),"High Emerging Reader",IF(OR(AND(Q79>25%,Q79<51%, R79>=1),AND(Q79>50%,Q79<76%,R79<=2)),"Developing Reader",IF(OR(AND(Q79>=51%, Q79<76%,R79>=3),AND(Q79>75%,R79<=4)),"Transitioning Reader",IF(AND(Q79>75%,R79>=5),"Reading At Grade Level","")))),"")),"") | Y79: =IF(C79<>"",R79/6,"")
A80: =A79+1 | I80: =IF(AND(F80="",G80=""),"",IF(F80<7,F80+G80,F80+10+H80)) | J80: =IF(I80="","",IF(F80<7,IF(I80<=10,"Full Refresher","Moderate Refresher"),IF(I80<27,"Light Refresher","Grade Ready"))) | M80: =IF($C$9<>"",IF(OR(K80=1, K80=2),IF(K80=1,M$7-L80,$P$7-L80),""),"") | P80: =IF(AND(K80>0,M80>0,OR(N80>0,O80>0)),(M80/((N80*60)+O80))*60,"") | Q80: =IFERROR(IF(OR(K80=1, K80=2),IF(K80=1,M80/$M$7,M80/$P$7),""),"") | U80: =IF(J80<>"",IF(J80="Full Refresher","Low Emerging Reader",IF(AND(K80>0,Q80<>""),IF(OR(Q80<=25%,AND(Q80>25%,Q80<=50%, R80=0)),"High Emerging Reader",IF(OR(AND(Q80>25%,Q80<51%, R80>=1),AND(Q80>50%,Q80<76%,R80<=2)),"Developing Reader",IF(OR(AND(Q80>=51%, Q80<76%,R80>=3),AND(Q80>75%,R80<=4)),"Transitioning Reader",IF(AND(Q80>75%,R80>=5),"Reading At Grade Level","")))),"")),"") | Y80: =IF(C80<>"",R80/6,"")
A81: =A80+1 | I81: =IF(AND(F81="",G81=""),"",IF(F81<7,F81+G81,F81+10+H81)) | J81: =IF(I81="","",IF(F81<7,IF(I81<=10,"Full Refresher","Moderate Refresher"),IF(I81<27,"Light Refresher","Grade Ready"))) | M81: =IF($C$9<>"",IF(OR(K81=1, K81=2),IF(K81=1,M$7-L81,$P$7-L81),""),"") | P81: =IF(AND(K81>0,M81>0,OR(N81>0,O81>0)),(M81/((N81*60)+O81))*60,"") | Q81: =IFERROR(IF(OR(K81=1, K81=2),IF(K81=1,M81/$M$7,M81/$P$7),""),"") | U81: =IF(J81<>"",IF(J81="Full Refresher","Low Emerging Reader",IF(AND(K81>0,Q81<>""),IF(OR(Q81<=25%,AND(Q81>25%,Q81<=50%, R81=0)),"High Emerging Reader",IF(OR(AND(Q81>25%,Q81<51%, R81>=1),AND(Q81>50%,Q81<76%,R81<=2)),"Developing Reader",IF(OR(AND(Q81>=51%, Q81<76%,R81>=3),AND(Q81>75%,R81<=4)),"Transitioning Reader",IF(AND(Q81>75%,R81>=5),"Reading At Grade Level","")))),"")),"") | Y81: =IF(C81<>"",R81/6,"")
... A109: =A108+1 | I109: =IF(AND(F109="",G109=""),"",IF(F109<7,F109+G109,F109+10+H109)) | J109: =IF(I109="","",IF(F109<7,IF(I109<=10,"Full Refresher","Moderate Refresher"),IF(I109<27,"Light Refresher","Grade Ready"))) | M109: =IF($C$9<>"",IF(OR(K109=1, K109=2),IF(K109=1,M$7-L109,$P$7-L109),""),"") | P109: =IF(AND(K109>0,M109>0,OR(N109>0,O109>0)),(M109/((N109*60)+O109))*60,"") | Q109: =IFERROR(IF(OR(K109=1, K109=2),IF(K109=1,M109/$M$7,M109/$P$7),""),"") | U109: =IF(J109<>"",IF(J109="Full Refresher","Low Emerging Reader",IF(AND(K109>0,Q109<>""),IF(OR(Q109<=25%,AND(Q109>25%,Q109<=50%, R109=0)),"High Emerging Reader",IF(OR(AND(Q109>25%,Q109<51%, R109>=1),AND(Q109>50%,Q109<76%,R109<=2)),"Developing Reader",IF(OR(AND(Q109>=51%, Q109<76%,R109>=3),AND(Q109>75%,R109<=4)),"Transitioning Reader",IF(AND(Q109>75%,R109>=5),"Reading At Grade Level","")))),"")),"") | Y109: =IF(C109<>"",R109/6,"")
A110: 100 | I110: =IF(AND(F110="",G110=""),"",IF(F110<7,F110+G110,F110+10+H110)) | J110: =IF(I110="","",IF(F110<7,IF(I110<=10,"Full Refresher","Moderate Refresher"),IF(I110<27,"Light Refresher","Grade Ready"))) | M110: =IF($C$9<>"",IF(OR(K110=1, K110=2),IF(K110=1,M$7-L110,$P$7-L110),""),"") | P110: =IF(AND(K110>0,M110>0,OR(N110>0,O110>0)),(M110/((N110*60)+O110))*60,"") | Q110: =IFERROR(IF(OR(K110=1, K110=2),IF(K110=1,M110/$M$7,M110/$P$7),""),"") | U110: =IF(J110<>"",IF(J110="Full Refresher","Low Emerging Reader",IF(AND(K110>0,Q110<>""),IF(OR(Q110<=25%,AND(Q110>25%,Q110<=50%, R110=0)),"High Emerging Reader",IF(OR(AND(Q110>25%,Q110<51%, R110>=1),AND(Q110>50%,Q110<76%,R110<=2)),"Developing Reader",IF(OR(AND(Q110>=51%, Q110<76%,R110>=3),AND(Q110>75%,R110<=4)),"Transitioning Reader",IF(AND(Q110>75%,R110>=5),"Reading At Grade Level","")))),"")),"") | Y110: =IF(C110<>"",R110/6,"")

Sheet G2 FIL Reading Scoresheet
A1: CRLA2v1
A3: ASSESSMENT TYPE | C3: ='G2 MT Reading Scoresheet'!$C$3
A4: School ID: | C4: ='G2 MT Reading Scoresheet'!C4 | D4: Total Enrolment | F4: =D6+E6 | G4: Total Assessed : | I4: =COUNTIF(F11:F110,"<>")
A5: Schoo Name: | C5: ='G2 MT Reading Scoresheet'!C5 | D5: Male | E5: Female | F5: Assessment Part 1 (Word Recognition and Sentences Reading) | J5: WORDS SCORE 0 to 10 – Full Refresher 11 to 16 – Moderate Refresher SENTENCE SCORE 17 to 26 – Light Refresher 27 to 30 – Grade Ready | K5: Assessment Part 2 (Reading Fluency and Comprehension)
A6: Teacher: | C6: ='G2 MT Reading Scoresheet'!C6 | D6: ='G2 MT Reading Scoresheet'!D6 | E6: ='G2 MT Reading Scoresheet'!E6
A7: Grade: | C7: ='G2 MT Reading Scoresheet'!C7 | D7: Total Words per Story | F7: Task 1 – Write the number of letters sounded out correctly | G7: Rhymes (Task 2) If task 1 score is 0 to 6 | H7: Sentence (Task 2) If task 1 score is 7 to 10 Task 2L=10 | I7: Total Score = Task 1 Score + Task 2L+Task 2H Score | K7: Total Words Per Story | L7: Story 1 | M7: =_xlfn.IFNA(IF(X9=1,Y9,D9),"") | N7: Story 2 | P7: =_xlfn.IFNA(IF(X9=1,Z9,E9),"")
A8: Section: | C8: ='G2 MT Reading Scoresheet'!C8 | D8: Story 1 | E8: Story 2 | K8: Story Number 1 or 2 | L8: Total Reading Miscues | M8: Number of words read within 2 mins | N8: Total Time Used in Reading (Max : 2 Mins) | P8: Number of Words per Minute (WPM)
A9: Language: | C9: Filipino | X9: =IF(_xlfn.IFNA(VLOOKUP($C$9,List!$G$2:$M$20,1,0),"")=C9,1,0) | Y9: =VLOOKUP($C$9,List!$G$2:$M$20,4,0) | Z9: =VLOOKUP($C$9,List!$G$2:$M$20,7,0)
A10: S/N | B10: LRN | C10: Name of Learner | D10: Sex | E10: Date of Asessment | F10: Task 1 (10) | G10: Words (10) | H10: Sentences (10) | I10: Total Score | J10: Part 1 Reading Level | K10: Story Number | L10: Number of Miscue | M10: Words Read | N10: Total Mins Secs | P10: WPM | Q10: % of Correct Words Read | R10: Total Correct Answer | S10: Leaner Experience (Rating 1-5) | T10: Observation Level | U10: READING PROFILE | V10: Remarks
A11: 1 | B11: =IF('G2 MT Reading Scoresheet'!B11<>"",'G2 MT Reading Scoresheet'!B11,"") | C11: =IF('G2 MT Reading Scoresheet'!C11<>"",'G2 MT Reading Scoresheet'!C11,"") | D11: =IF('G2 MT Reading Scoresheet'!D11<>"",'G2 MT Reading Scoresheet'!D11,"") | E11: =IF('G2 MT Reading Scoresheet'!E11<>"",'G2 MT Reading Scoresheet'!E11,"") | F11: =IF('G2 MT Reading Scoresheet'!F11<>"",'G2 MT Reading Scoresheet'!F11,"") | G11: =IF('G2 MT Reading Scoresheet'!G11<>"",'G2 MT Reading Scoresheet'!G11,"") | H11: =IF('G2 MT Reading Scoresheet'!H11<>"",'G2 MT Reading Scoresheet'!H11,"") | I11: =IF('G2 MT Reading Scoresheet'!I11<>"",'G2 MT Reading Scoresheet'!I11,"") | ... U11: =IF('G2 MT Reading Scoresheet'!U11<>"",'G2 MT Reading Scoresheet'!U11,"") | Y11: =IF(C11<>"",R11/6,"")
A12: 2 | B12: =IF('G2 MT Reading Scoresheet'!B12<>"",'G2 MT Reading Scoresheet'!B12,"") | C12: =IF('G2 MT Reading Scoresheet'!C12<>"",'G2 MT Reading Scoresheet'!C12,"") | D12: =IF('G2 MT Reading Scoresheet'!D12<>"",'G2 MT Reading Scoresheet'!D12,"") | E12: =IF('G2 MT Reading Scoresheet'!E12<>"",'G2 MT Reading Scoresheet'!E12,"") | F12: =IF('G2 MT Reading Scoresheet'!F12<>"",'G2 MT Reading Scoresheet'!F12,"") | G12: =IF('G2 MT Reading Scoresheet'!G12<>"",'G2 MT Reading Scoresheet'!G12,"") | H12: =IF('G2 MT Reading Scoresheet'!H12<>"",'G2 MT Reading Scoresheet'!H12,"") | I12: =IF('G2 MT Reading Scoresheet'!I12<>"",'G2 MT Reading Scoresheet'!I12,"") | ... U12: =IF('G2 MT Reading Scoresheet'!U12<>"",'G2 MT Reading Scoresheet'!U12,"") | Y12: =IF(C12<>"",R12/6,"")
A13: 3 | B13: =IF('G2 MT Reading Scoresheet'!B13<>"",'G2 MT Reading Scoresheet'!B13,"") | C13: =IF('G2 MT Reading Scoresheet'!C13<>"",'G2 MT Reading Scoresheet'!C13,"") | D13: =IF('G2 MT Reading Scoresheet'!D13<>"",'G2 MT Reading Scoresheet'!D13,"") | E13: =IF('G2 MT Reading Scoresheet'!E13<>"",'G2 MT Reading Scoresheet'!E13,"") | F13: =IF('G2 MT Reading Scoresheet'!F13<>"",'G2 MT Reading Scoresheet'!F13,"") | G13: =IF('G2 MT Reading Scoresheet'!G13<>"",'G2 MT Reading Scoresheet'!G13,"") | H13: =IF('G2 MT Reading Scoresheet'!H13<>"",'G2 MT Reading Scoresheet'!H13,"") | I13: =IF('G2 MT Reading Scoresheet'!I13<>"",'G2 MT Reading Scoresheet'!I13,"") | ... U13: =IF('G2 MT Reading Scoresheet'!U13<>"",'G2 MT Reading Scoresheet'!U13,"") | Y13: =IF(C13<>"",R13/6,"")
A14: 4 | B14: =IF('G2 MT Reading Scoresheet'!B14<>"",'G2 MT Reading Scoresheet'!B14,"") | C14: =IF('G2 MT Reading Scoresheet'!C14<>"",'G2 MT Reading Scoresheet'!C14,"") | D14: =IF('G2 MT Reading Scoresheet'!D14<>"",'G2 MT Reading Scoresheet'!D14,"") | E14: =IF('G2 MT Reading Scoresheet'!E14<>"",'G2 MT Reading Scoresheet'!E14,"") | F14: =IF('G2 MT Reading Scoresheet'!F14<>"",'G2 MT Reading Scoresheet'!F14,"") | G14: =IF('G2 MT Reading Scoresheet'!G14<>"",'G2 MT Reading Scoresheet'!G14,"") | H14: =IF('G2 MT Reading Scoresheet'!H14<>"",'G2 MT Reading Scoresheet'!H14,"") | I14: =IF('G2 MT Reading Scoresheet'!I14<>"",'G2 MT Reading Scoresheet'!I14,"") | ... U14: =IF('G2 MT Reading Scoresheet'!U14<>"",'G2 MT Reading Scoresheet'!U14,"") | Y14: =IF(C14<>"",R14/6,"")
A15: 5 | B15: =IF('G2 MT Reading Scoresheet'!B15<>"",'G2 MT Reading Scoresheet'!B15,"") | C15: =IF('G2 MT Reading Scoresheet'!C15<>"",'G2 MT Reading Scoresheet'!C15,"") | D15: =IF('G2 MT Reading Scoresheet'!D15<>"",'G2 MT Reading Scoresheet'!D15,"") | E15: =IF('G2 MT Reading Scoresheet'!E15<>"",'G2 MT Reading Scoresheet'!E15,"") | F15: =IF('G2 MT Reading Scoresheet'!F15<>"",'G2 MT Reading Scoresheet'!F15,"") | G15: =IF('G2 MT Reading Scoresheet'!G15<>"",'G2 MT Reading Scoresheet'!G15,"") | H15: =IF('G2 MT Reading Scoresheet'!H15<>"",'G2 MT Reading Scoresheet'!H15,"") | I15: =IF('G2 MT Reading Scoresheet'!I15<>"",'G2 MT Reading Scoresheet'!I15,"") | ... U15: =IF('G2 MT Reading Scoresheet'!U15<>"",'G2 MT Reading Scoresheet'!U15,"") | Y15: =IF(C15<>"",R15/6,"")
A16: 6 | B16: =IF('G2 MT Reading Scoresheet'!B16<>"",'G2 MT Reading Scoresheet'!B16,"") | C16: =IF('G2 MT Reading Scoresheet'!C16<>"",'G2 MT Reading Scoresheet'!C16,"") | D16: =IF('G2 MT Reading Scoresheet'!D16<>"",'G2 MT Reading Scoresheet'!D16,"") | E16: =IF('G2 MT Reading Scoresheet'!E16<>"",'G2 MT Reading Scoresheet'!E16,"") | F16: =IF('G2 MT Reading Scoresheet'!F16<>"",'G2 MT Reading Scoresheet'!F16,"") | G16: =IF('G2 MT Reading Scoresheet'!G16<>"",'G2 MT Reading Scoresheet'!G16,"") | H16: =IF('G2 MT Reading Scoresheet'!H16<>"",'G2 MT Reading Scoresheet'!H16,"") | I16: =IF('G2 MT Reading Scoresheet'!I16<>"",'G2 MT Reading Scoresheet'!I16,"") | ... U16: =IF('G2 MT Reading Scoresheet'!U16<>"",'G2 MT Reading Scoresheet'!U16,"") | Y16: =IF(C16<>"",R16/6,"")
A17: 7 | B17: =IF('G2 MT Reading Scoresheet'!B17<>"",'G2 MT Reading Scoresheet'!B17,"") | C17: =IF('G2 MT Reading Scoresheet'!C17<>"",'G2 MT Reading Scoresheet'!C17,"") | D17: =IF('G2 MT Reading Scoresheet'!D17<>"",'G2 MT Reading Scoresheet'!D17,"") | E17: =IF('G2 MT Reading Scoresheet'!E17<>"",'G2 MT Reading Scoresheet'!E17,"") | F17: =IF('G2 MT Reading Scoresheet'!F17<>"",'G2 MT Reading Scoresheet'!F17,"") | G17: =IF('G2 MT Reading Scoresheet'!G17<>"",'G2 MT Reading Scoresheet'!G17,"") | H17: =IF('G2 MT Reading Scoresheet'!H17<>"",'G2 MT Reading Scoresheet'!H17,"") | I17: =IF('G2 MT Reading Scoresheet'!I17<>"",'G2 MT Reading Scoresheet'!I17,"") | ... U17: =IF('G2 MT Reading Scoresheet'!U17<>"",'G2 MT Reading Scoresheet'!U17,"") | Y17: =IF(C17<>"",R17/6,"")
A18: 8 | B18: =IF('G2 MT Reading Scoresheet'!B18<>"",'G2 MT Reading Scoresheet'!B18,"") | C18: =IF('G2 MT Reading Scoresheet'!C18<>"",'G2 MT Reading Scoresheet'!C18,"") | D18: =IF('G2 MT Reading Scoresheet'!D18<>"",'G2 MT Reading Scoresheet'!D18,"") | E18: =IF('G2 MT Reading Scoresheet'!E18<>"",'G2 MT Reading Scoresheet'!E18,"") | F18: =IF('G2 MT Reading Scoresheet'!F18<>"",'G2 MT Reading Scoresheet'!F18,"") | G18: =IF('G2 MT Reading Scoresheet'!G18<>"",'G2 MT Reading Scoresheet'!G18,"") | H18: =IF('G2 MT Reading Scoresheet'!H18<>"",'G2 MT Reading Scoresheet'!H18,"") | I18: =IF('G2 MT Reading Scoresheet'!I18<>"",'G2 MT Reading Scoresheet'!I18,"") | ... U18: =IF('G2 MT Reading Scoresheet'!U18<>"",'G2 MT Reading Scoresheet'!U18,"") | Y18: =IF(C18<>"",R18/6,"")
A19: 9 | B19: =IF('G2 MT Reading Scoresheet'!B19<>"",'G2 MT Reading Scoresheet'!B19,"") | C19: =IF('G2 MT Reading Scoresheet'!C19<>"",'G2 MT Reading Scoresheet'!C19,"") | D19: =IF('G2 MT Reading Scoresheet'!D19<>"",'G2 MT Reading Scoresheet'!D19,"") | E19: =IF('G2 MT Reading Scoresheet'!E19<>"",'G2 MT Reading Scoresheet'!E19,"") | F19: =IF('G2 MT Reading Scoresheet'!F19<>"",'G2 MT Reading Scoresheet'!F19,"") | G19: =IF('G2 MT Reading Scoresheet'!G19<>"",'G2 MT Reading Scoresheet'!G19,"") | H19: =IF('G2 MT Reading Scoresheet'!H19<>"",'G2 MT Reading Scoresheet'!H19,"") | I19: =IF('G2 MT Reading Scoresheet'!I19<>"",'G2 MT Reading Scoresheet'!I19,"") | ... U19: =IF('G2 MT Reading Scoresheet'!U19<>"",'G2 MT Reading Scoresheet'!U19,"") | Y19: =IF(C19<>"",R19/6,"")
A20: 10 | B20: =IF('G2 MT Reading Scoresheet'!B20<>"",'G2 MT Reading Scoresheet'!B20,"") | C20: =IF('G2 MT Reading Scoresheet'!C20<>"",'G2 MT Reading Scoresheet'!C20,"") | D20: =IF('G2 MT Reading Scoresheet'!D20<>"",'G2 MT Reading Scoresheet'!D20,"") | E20: =IF('G2 MT Reading Scoresheet'!E20<>"",'G2 MT Reading Scoresheet'!E20,"") | F20: =IF('G2 MT Reading Scoresheet'!F20<>"",'G2 MT Reading Scoresheet'!F20,"") | G20: =IF('G2 MT Reading Scoresheet'!G20<>"",'G2 MT Reading Scoresheet'!G20,"") | H20: =IF('G2 MT Reading Scoresheet'!H20<>"",'G2 MT Reading Scoresheet'!H20,"") | I20: =IF('G2 MT Reading Scoresheet'!I20<>"",'G2 MT Reading Scoresheet'!I20,"") | ... U20: =IF('G2 MT Reading Scoresheet'!U20<>"",'G2 MT Reading Scoresheet'!U20,"") | Y20: =IF(C20<>"",R20/6,"")
A21: 11 | B21: =IF('G2 MT Reading Scoresheet'!B21<>"",'G2 MT Reading Scoresheet'!B21,"") | C21: =IF('G2 MT Reading Scoresheet'!C21<>"",'G2 MT Reading Scoresheet'!C21,"") | D21: =IF('G2 MT Reading Scoresheet'!D21<>"",'G2 MT Reading Scoresheet'!D21,"") | E21: =IF('G2 MT Reading Scoresheet'!E21<>"",'G2 MT Reading Scoresheet'!E21,"") | F21: =IF('G2 MT Reading Scoresheet'!F21<>"",'G2 MT Reading Scoresheet'!F21,"") | G21: =IF('G2 MT Reading Scoresheet'!G21<>"",'G2 MT Reading Scoresheet'!G21,"") | H21: =IF('G2 MT Reading Scoresheet'!H21<>"",'G2 MT Reading Scoresheet'!H21,"") | I21: =IF('G2 MT Reading Scoresheet'!I21<>"",'G2 MT Reading Scoresheet'!I21,"") | ... U21: =IF('G2 MT Reading Scoresheet'!U21<>"",'G2 MT Reading Scoresheet'!U21,"") | Y21: =IF(C21<>"",R21/6,"")
A22: 12 | B22: =IF('G2 MT Reading Scoresheet'!B22<>"",'G2 MT Reading Scoresheet'!B22,"") | C22: =IF('G2 MT Reading Scoresheet'!C22<>"",'G2 MT Reading Scoresheet'!C22,"") | D22: =IF('G2 MT Reading Scoresheet'!D22<>"",'G2 MT Reading Scoresheet'!D22,"") | E22: =IF('G2 MT Reading Scoresheet'!E22<>"",'G2 MT Reading Scoresheet'!E22,"") | F22: =IF('G2 MT Reading Scoresheet'!F22<>"",'G2 MT Reading Scoresheet'!F22,"") | G22: =IF('G2 MT Reading Scoresheet'!G22<>"",'G2 MT Reading Scoresheet'!G22,"") | H22: =IF('G2 MT Reading Scoresheet'!H22<>"",'G2 MT Reading Scoresheet'!H22,"") | I22: =IF('G2 MT Reading Scoresheet'!I22<>"",'G2 MT Reading Scoresheet'!I22,"") | ... U22: =IF('G2 MT Reading Scoresheet'!U22<>"",'G2 MT Reading Scoresheet'!U22,"") | Y22: =IF(C22<>"",R22/6,"")
... A69: 59 | B69: =IF('G2 MT Reading Scoresheet'!B69<>"",'G2 MT Reading Scoresheet'!B69,"") | C69: =IF('G2 MT Reading Scoresheet'!C69<>"",'G2 MT Reading Scoresheet'!C69,"") | D69: =IF('G2 MT Reading Scoresheet'!D69<>"",'G2 MT Reading Scoresheet'!D69,"") | E69: =IF('G2 MT Reading Scoresheet'!E69<>"",'G2 MT Reading Scoresheet'!E69,"") | F69: =IF('G2 MT Reading Scoresheet'!F69<>"",'G2 MT Reading Scoresheet'!F69,"") | G69: =IF('G2 MT Reading Scoresheet'!G69<>"",'G2 MT Reading Scoresheet'!G69,"") | H69: =IF('G2 MT Reading Scoresheet'!H69<>"",'G2 MT Reading Scoresheet'!H69,"") | I69: =IF('G2 MT Reading Scoresheet'!I69<>"",'G2 MT Reading Scoresheet'!I69,"") | ... U69: =IF('G2 MT Reading Scoresheet'!U69<>"",'G2 MT Reading Scoresheet'!U69,"") | Y69: =IF(C69<>"",R69/6,"")
A70: =A69+1 | B70: =IF('G2 MT Reading Scoresheet'!B70<>"",'G2 MT Reading Scoresheet'!B70,"") | C70: =IF('G2 MT Reading Scoresheet'!C70<>"",'G2 MT Reading Scoresheet'!C70,"") | D70: =IF('G2 MT Reading Scoresheet'!D70<>"",'G2 MT Reading Scoresheet'!D70,"") | E70: =IF('G2 MT Reading Scoresheet'!E70<>"",'G2 MT Reading Scoresheet'!E70,"") | F70: =IF('G2 MT Reading Scoresheet'!F70<>"",'G2 MT Reading Scoresheet'!F70,"") | G70: =IF('G2 MT Reading Scoresheet'!G70<>"",'G2 MT Reading Scoresheet'!G70,"") | H70: =IF('G2 MT Reading Scoresheet'!H70<>"",'G2 MT Reading Scoresheet'!H70,"") | I70: =IF('G2 MT Reading Scoresheet'!I70<>"",'G2 MT Reading Scoresheet'!I70,"") | ... U70: =IF('G2 MT Reading Scoresheet'!U70<>"",'G2 MT Reading Scoresheet'!U70,"") | Y70: =IF(C70<>"",R70/6,"")
A71: =A70+1 | B71: =IF('G2 MT Reading Scoresheet'!B71<>"",'G2 MT Reading Scoresheet'!B71,"") | C71: =IF('G2 MT Reading Scoresheet'!C71<>"",'G2 MT Reading Scoresheet'!C71,"") | D71: =IF('G2 MT Reading Scoresheet'!D71<>"",'G2 MT Reading Scoresheet'!D71,"") | E71: =IF('G2 MT Reading Scoresheet'!E71<>"",'G2 MT Reading Scoresheet'!E71,"") | F71: =IF('G2 MT Reading Scoresheet'!F71<>"",'G2 MT Reading Scoresheet'!F71,"") | G71: =IF('G2 MT Reading Scoresheet'!G71<>"",'G2 MT Reading Scoresheet'!G71,"") | H71: =IF('G2 MT Reading Scoresheet'!H71<>"",'G2 MT Reading Scoresheet'!H71,"") | I71: =IF('G2 MT Reading Scoresheet'!I71<>"",'G2 MT Reading Scoresheet'!I71,"") | ... U71: =IF('G2 MT Reading Scoresheet'!U71<>"",'G2 MT Reading Scoresheet'!U71,"") | Y71: =IF(C71<>"",R71/6,"")
A72: =A71+1 | B72: =IF('G2 MT Reading Scoresheet'!B72<>"",'G2 MT Reading Scoresheet'!B72,"") | C72: =IF('G2 MT Reading Scoresheet'!C72<>"",'G2 MT Reading Scoresheet'!C72,"") | D72: =IF('G2 MT Reading Scoresheet'!D72<>"",'G2 MT Reading Scoresheet'!D72,"") | E72: =IF('G2 MT Reading Scoresheet'!E72<>"",'G2 MT Reading Scoresheet'!E72,"") | F72: =IF('G2 MT Reading Scoresheet'!F72<>"",'G2 MT Reading Scoresheet'!F72,"") | G72: =IF('G2 MT Reading Scoresheet'!G72<>"",'G2 MT Reading Scoresheet'!G72,"") | H72: =IF('G2 MT Reading Scoresheet'!H72<>"",'G2 MT Reading Scoresheet'!H72,"") | I72: =IF('G2 MT Reading Scoresheet'!I72<>"",'G2 MT Reading Scoresheet'!I72,"") | ... U72: =IF('G2 MT Reading Scoresheet'!U72<>"",'G2 MT Reading Scoresheet'!U72,"") | Y72: =IF(C72<>"",R72/6,"")
A73: =A72+1 | B73: =IF('G2 MT Reading Scoresheet'!B73<>"",'G2 MT Reading Scoresheet'!B73,"") | C73: =IF('G2 MT Reading Scoresheet'!C73<>"",'G2 MT Reading Scoresheet'!C73,"") | D73: =IF('G2 MT Reading Scoresheet'!D73<>"",'G2 MT Reading Scoresheet'!D73,"") | E73: =IF('G2 MT Reading Scoresheet'!E73<>"",'G2 MT Reading Scoresheet'!E73,"") | F73: =IF('G2 MT Reading Scoresheet'!F73<>"",'G2 MT Reading Scoresheet'!F73,"") | G73: =IF('G2 MT Reading Scoresheet'!G73<>"",'G2 MT Reading Scoresheet'!G73,"") | H73: =IF('G2 MT Reading Scoresheet'!H73<>"",'G2 MT Reading Scoresheet'!H73,"") | I73: =IF('G2 MT Reading Scoresheet'!I73<>"",'G2 MT Reading Scoresheet'!I73,"") | ... U73: =IF('G2 MT Reading Scoresheet'!U73<>"",'G2 MT Reading Scoresheet'!U73,"") | Y73: =IF(C73<>"",R73/6,"")
A74: =A73+1 | B74: =IF('G2 MT Reading Scoresheet'!B74<>"",'G2 MT Reading Scoresheet'!B74,"") | C74: =IF('G2 MT Reading Scoresheet'!C74<>"",'G2 MT Reading Scoresheet'!C74,"") | D74: =IF('G2 MT Reading Scoresheet'!D74<>"",'G2 MT Reading Scoresheet'!D74,"") | E74: =IF('G2 MT Reading Scoresheet'!E74<>"",'G2 MT Reading Scoresheet'!E74,"") | F74: =IF('G2 MT Reading Scoresheet'!F74<>"",'G2 MT Reading Scoresheet'!F74,"") | G74: =IF('G2 MT Reading Scoresheet'!G74<>"",'G2 MT Reading Scoresheet'!G74,"") | H74: =IF('G2 MT Reading Scoresheet'!H74<>"",'G2 MT Reading Scoresheet'!H74,"") | I74: =IF('G2 MT Reading Scoresheet'!I74<>"",'G2 MT Reading Scoresheet'!I74,"") | ... U74: =IF('G2 MT Reading Scoresheet'!U74<>"",'G2 MT Reading Scoresheet'!U74,"") | Y74: =IF(C74<>"",R74/6,"")
A75: =A74+1 | B75: =IF('G2 MT Reading Scoresheet'!B75<>"",'G2 MT Reading Scoresheet'!B75,"") | C75: =IF('G2 MT Reading Scoresheet'!C75<>"",'G2 MT Reading Scoresheet'!C75,"") | D75: =IF('G2 MT Reading Scoresheet'!D75<>"",'G2 MT Reading Scoresheet'!D75,"") | E75: =IF('G2 MT Reading Scoresheet'!E75<>"",'G2 MT Reading Scoresheet'!E75,"") | F75: =IF('G2 MT Reading Scoresheet'!F75<>"",'G2 MT Reading Scoresheet'!F75,"") | G75: =IF('G2 MT Reading Scoresheet'!G75<>"",'G2 MT Reading Scoresheet'!G75,"") | H75: =IF('G2 MT Reading Scoresheet'!H75<>"",'G2 MT Reading Scoresheet'!H75,"") | I75: =IF('G2 MT Reading Scoresheet'!I75<>"",'G2 MT Reading Scoresheet'!I75,"") | ... U75: =IF('G2 MT Reading Scoresheet'!U75<>"",'G2 MT Reading Scoresheet'!U75,"") | Y75: =IF(C75<>"",R75/6,"")
A76: =A75+1 | B76: =IF('G2 MT Reading Scoresheet'!B76<>"",'G2 MT Reading Scoresheet'!B76,"") | C76: =IF('G2 MT Reading Scoresheet'!C76<>"",'G2 MT Reading Scoresheet'!C76,"") | D76: =IF('G2 MT Reading Scoresheet'!D76<>"",'G2 MT Reading Scoresheet'!D76,"") | E76: =IF('G2 MT Reading Scoresheet'!E76<>"",'G2 MT Reading Scoresheet'!E76,"") | F76: =IF('G2 MT Reading Scoresheet'!F76<>"",'G2 MT Reading Scoresheet'!F76,"") | G76: =IF('G2 MT Reading Scoresheet'!G76<>"",'G2 MT Reading Scoresheet'!G76,"") | H76: =IF('G2 MT Reading Scoresheet'!H76<>"",'G2 MT Reading Scoresheet'!H76,"") | I76: =IF('G2 MT Reading Scoresheet'!I76<>"",'G2 MT Reading Scoresheet'!I76,"") | ... U76: =IF('G2 MT Reading Scoresheet'!U76<>"",'G2 MT Reading Scoresheet'!U76,"") | Y76: =IF(C76<>"",R76/6,"")
A77: =A76+1 | B77: =IF('G2 MT Reading Scoresheet'!B77<>"",'G2 MT Reading Scoresheet'!B77,"") | C77: =IF('G2 MT Reading Scoresheet'!C77<>"",'G2 MT Reading Scoresheet'!C77,"") | D77: =IF('G2 MT Reading Scoresheet'!D77<>"",'G2 MT Reading Scoresheet'!D77,"") | E77: =IF('G2 MT Reading Scoresheet'!E77<>"",'G2 MT Reading Scoresheet'!E77,"") | F77: =IF('G2 MT Reading Scoresheet'!F77<>"",'G2 MT Reading Scoresheet'!F77,"") | G77: =IF('G2 MT Reading Scoresheet'!G77<>"",'G2 MT Reading Scoresheet'!G77,"") | H77: =IF('G2 MT Reading Scoresheet'!H77<>"",'G2 MT Reading Scoresheet'!H77,"") | I77: =IF('G2 MT Reading Scoresheet'!I77<>"",'G2 MT Reading Scoresheet'!I77,"") | ... U77: =IF('G2 MT Reading Scoresheet'!U77<>"",'G2 MT Reading Scoresheet'!U77,"") | Y77: =IF(C77<>"",R77/6,"")
A78: =A77+1 | B78: =IF('G2 MT Reading Scoresheet'!B78<>"",'G2 MT Reading Scoresheet'!B78,"") | C78: =IF('G2 MT Reading Scoresheet'!C78<>"",'G2 MT Reading Scoresheet'!C78,"") | D78: =IF('G2 MT Reading Scoresheet'!D78<>"",'G2 MT Reading Scoresheet'!D78,"") | E78: =IF('G2 MT Reading Scoresheet'!E78<>"",'G2 MT Reading Scoresheet'!E78,"") | F78: =IF('G2 MT Reading Scoresheet'!F78<>"",'G2 MT Reading Scoresheet'!F78,"") | G78: =IF('G2 MT Reading Scoresheet'!G78<>"",'G2 MT Reading Scoresheet'!G78,"") | H78: =IF('G2 MT Reading Scoresheet'!H78<>"",'G2 MT Reading Scoresheet'!H78,"") | I78: =IF('G2 MT Reading Scoresheet'!I78<>"",'G2 MT Reading Scoresheet'!I78,"") | ... U78: =IF('G2 MT Reading Scoresheet'!U78<>"",'G2 MT Reading Scoresheet'!U78,"") | Y78: =IF(C78<>"",R78/6,"")
A79: =A78+1 | B79: =IF('G2 MT Reading Scoresheet'!B79<>"",'G2 MT Reading Scoresheet'!B79,"") | C79: =IF('G2 MT Reading Scoresheet'!C79<>"",'G2 MT Reading Scoresheet'!C79,"") | D79: =IF('G2 MT Reading Scoresheet'!D79<>"",'G2 MT Reading Scoresheet'!D79,"") | E79: =IF('G2 MT Reading Scoresheet'!E79<>"",'G2 MT Reading Scoresheet'!E79,"") | F79: =IF('G2 MT Reading Scoresheet'!F79<>"",'G2 MT Reading Scoresheet'!F79,"") | G79: =IF('G2 MT Reading Scoresheet'!G79<>"",'G2 MT Reading Scoresheet'!G79,"") | H79: =IF('G2 MT Reading Scoresheet'!H79<>"",'G2 MT Reading Scoresheet'!H79,"") | I79: =IF('G2 MT Reading Scoresheet'!I79<>"",'G2 MT Reading Scoresheet'!I79,"") | ... U79: =IF('G2 MT Reading Scoresheet'!U79<>"",'G2 MT Reading Scoresheet'!U79,"") | Y79: =IF(C79<>"",R79/6,"")
A80: =A79+1 | B80: =IF('G2 MT Reading Scoresheet'!B80<>"",'G2 MT Reading Scoresheet'!B80,"") | C80: =IF('G2 MT Reading Scoresheet'!C80<>"",'G2 MT Reading Scoresheet'!C80,"") | D80: =IF('G2 MT Reading Scoresheet'!D80<>"",'G2 MT Reading Scoresheet'!D80,"") | E80: =IF('G2 MT Reading Scoresheet'!E80<>"",'G2 MT Reading Scoresheet'!E80,"") | F80: =IF('G2 MT Reading Scoresheet'!F80<>"",'G2 MT Reading Scoresheet'!F80,"") | G80: =IF('G2 MT Reading Scoresheet'!G80<>"",'G2 MT Reading Scoresheet'!G80,"") | H80: =IF('G2 MT Reading Scoresheet'!H80<>"",'G2 MT Reading Scoresheet'!H80,"") | I80: =IF('G2 MT Reading Scoresheet'!I80<>"",'G2 MT Reading Scoresheet'!I80,"") | ... U80: =IF('G2 MT Reading Scoresheet'!U80<>"",'G2 MT Reading Scoresheet'!U80,"") | Y80: =IF(C80<>"",R80/6,"")
A81: =A80+1 | B81: =IF('G2 MT Reading Scoresheet'!B81<>"",'G2 MT Reading Scoresheet'!B81,"") | C81: =IF('G2 MT Reading Scoresheet'!C81<>"",'G2 MT Reading Scoresheet'!C81,"") | D81: =IF('G2 MT Reading Scoresheet'!D81<>"",'G2 MT Reading Scoresheet'!D81,"") | E81: =IF('G2 MT Reading Scoresheet'!E81<>"",'G2 MT Reading Scoresheet'!E81,"") | F81: =IF('G2 MT Reading Scoresheet'!F81<>"",'G2 MT Reading Scoresheet'!F81,"") | G81: =IF('G2 MT Reading Scoresheet'!G81<>"",'G2 MT Reading Scoresheet'!G81,"") | H81: =IF('G2 MT Reading Scoresheet'!H81<>"",'G2 MT Reading Scoresheet'!H81,"") | I81: =IF('G2 MT Reading Scoresheet'!I81<>"",'G2 MT Reading Scoresheet'!I81,"") | ... U81: =IF('G2 MT Reading Scoresheet'!U81<>"",'G2 MT Reading Scoresheet'!U81,"") | Y81: =IF(C81<>"",R81/6,"")
... A109: =A108+1 | B109: =IF('G2 MT Reading Scoresheet'!B109<>"",'G2 MT Reading Scoresheet'!B109,"") | C109: =IF('G2 MT Reading Scoresheet'!C109<>"",'G2 MT Reading Scoresheet'!C109,"") | D109: =IF('G2 MT Reading Scoresheet'!D109<>"",'G2 MT Reading Scoresheet'!D109,"") | E109: =IF('G2 MT Reading Scoresheet'!E109<>"",'G2 MT Reading Scoresheet'!E109,"") | F109: =IF('G2 MT Reading Scoresheet'!F109<>"",'G2 MT Reading Scoresheet'!F109,"") | G109: =IF('G2 MT Reading Scoresheet'!G109<>"",'G2 MT Reading Scoresheet'!G109,"") | H109: =IF('G2 MT Reading Scoresheet'!H109<>"",'G2 MT Reading Scoresheet'!H109,"") | I109: =IF('G2 MT Reading Scoresheet'!I109<>"",'G2 MT Reading Scoresheet'!I109,"") | ... U109: =IF('G2 MT Reading Scoresheet'!U109<>"",'G2 MT Reading Scoresheet'!U109,"") | Y109: =IF(C109<>"",R109/6,"")
A110: 100 | B110: =IF('G2 MT Reading Scoresheet'!B110<>"",'G2 MT Reading Scoresheet'!B110,"") | C110: =IF('G2 MT Reading Scoresheet'!C110<>"",'G2 MT Reading Scoresheet'!C110,"") | D110: =IF('G2 MT Reading Scoresheet'!D110<>"",'G2 MT Reading Scoresheet'!D110,"") | E110: =IF('G2 MT Reading Scoresheet'!E110<>"",'G2 MT Reading Scoresheet'!E110,"") | F110: =IF('G2 MT Reading Scoresheet'!F110<>"",'G2 MT Reading Scoresheet'!F110,"") | G110: =IF('G2 MT Reading Scoresheet'!G110<>"",'G2 MT Reading Scoresheet'!G110,"") | H110: =IF('G2 MT Reading Scoresheet'!H110<>"",'G2 MT Reading Scoresheet'!H110,"") | I110: =IF('G2 MT Reading Scoresheet'!I110<>"",'G2 MT Reading Scoresheet'!I110,"") | ... U110: =IF('G2 MT Reading Scoresheet'!U110<>"",'G2 MT Reading Scoresheet'!U110,"") | Y110: =IF(C110<>"",R110/6,"")

Sheet Class Record
A1: CRLA3v1
A5: School: | C5: ='G2 MT Reading Scoresheet'!$C$5 | E5: GRADE 2 Reading Assessment CLASS RECORD
A6: Teacher: | C6: ='G2 MT Reading Scoresheet'!C6 | E6: =CONCATENATE("MOTHER TONGUE","(",'G2 MT Reading Scoresheet'!C9,")") | K6: FILIPINO | Q6: Remarks
A7: Grade: | C7: Grade 1 | E7: Assessment Part 1 | G7: Assessment Part 2 | J7: READING PROFILE | K7: Assessment Part 1 | M7: Assessment Part 2
A8: S/N | B8: LRN | C8: Name of Learner | D8: Sex | E8: Assessment Part 1 Reading Level | F8: % of Total Score | G8: Reading Fluency | H8: Reading Comprehension | I8: Average Word Per Minute | K8: Assessment Part 1 Reading Level | L8: % of Total Score | M8: Reading Fluency | N8: Reading Comprehension | O8: Average Word Per Minute | P8: READING PROFILE
A9: 1 | B9: =IF('G2 MT Reading Scoresheet'!B11<>"",'G2 MT Reading Scoresheet'!B11,"") | C9: =IF('G2 MT Reading Scoresheet'!C11<>"",'G2 MT Reading Scoresheet'!C11,"") | D9: =IF('G2 MT Reading Scoresheet'!D11<>"",'G2 MT Reading Scoresheet'!D11,"") | E9: ='G2 MT Reading Scoresheet'!$J11 | F9: =IF(C9<>"",'G2 MT Reading Scoresheet'!$I11/30,"") | G9: =IF(AND($C9<>"",$E9<>"Full Refresher"),'G2 MT Reading Scoresheet'!$Q11,"") | H9: =IF(AND(C9<>"",E9<>"Full Refresher"),'G2 MT Reading Scoresheet'!$R11/6,"") | I9: =IF(AND(C9<>"",F9<>"Full Refresher"),'G2 MT Reading Scoresheet'!$P11,"") | J9: ='G2 MT Reading Scoresheet'!$U11 | K9: ='G2 FIL Reading Scoresheet'!$J11 | L9: =IF($C9<>"",'G2 FIL Reading Scoresheet'!$I11/30,"") | M9: =IF(AND($C9<>"",$K9<>"Full Refresher"),'G2 FIL Reading Scoresheet'!$Q11,"") | N9: =IF(AND($C9<>"",K9<>"Full Refresher"),'G2 FIL Reading Scoresheet'!$R11/6,"") | O9: =IF(AND(C9<>"",K9<>"Full Refresher"),'G2 FIL Reading Scoresheet'!$P11,"") | P9: ='G2 FIL Reading Scoresheet'!$U11 | Q9: =CONCATENATE(IF(ISBLANK('G2 MT Reading Scoresheet'!V11),"",CONCATENATE("MT:",TRIM('G2 MT Reading Scoresheet'!V11)))," ",IF(ISBLANK('G2 FIL Reading Scoresheet'!V11),"",CONCATENATE("FIL:",TRIM('G2 FIL Reading Scoresheet'!V11))))
A10: 2 | B10: =IF('G2 MT Reading Scoresheet'!B12<>"",'G2 MT Reading Scoresheet'!B12,"") | C10: =IF('G2 MT Reading Scoresheet'!C12<>"",'G2 MT Reading Scoresheet'!C12,"") | D10: =IF('G2 MT Reading Scoresheet'!D12<>"",'G2 MT Reading Scoresheet'!D12,"") | E10: ='G2 MT Reading Scoresheet'!$J12 | F10: =IF(C10<>"",'G2 MT Reading Scoresheet'!$I12/30,"") | G10: =IF(AND($C10<>"",$E10<>"Full Refresher"),'G2 MT Reading Scoresheet'!$Q12,"") | H10: =IF(AND(C10<>"",E10<>"Full Refresher"),'G2 MT Reading Scoresheet'!$R12/6,"") | I10: =IF(AND(D10<>"",F10<>"Full Refresher"),'G2 MT Reading Scoresheet'!$P12,"") | J10: ='G2 MT Reading Scoresheet'!$U12 | K10: ='G2 FIL Reading Scoresheet'!$J12 | L10: =IF($C10<>"",'G2 FIL Reading Scoresheet'!$I12/30,"") | M10: =IF(AND($C10<>"",$K10<>"Full Refresher"),'G2 FIL Reading Scoresheet'!$Q12,"") | N10: =IF(AND($C10<>"",K10<>"Full Refresher"),'G2 FIL Reading Scoresheet'!$R12/6,"") | O10: =IF(AND(C10<>"",K10<>"Full Refresher"),'G2 FIL Reading Scoresheet'!$P12,"") | P10: ='G2 FIL Reading Scoresheet'!$U12 | Q10: =CONCATENATE(IF(ISBLANK('G2 MT Reading Scoresheet'!V12),"",CONCATENATE("MT:",TRIM('G2 MT Reading Scoresheet'!V12)))," ",IF(ISBLANK('G2 FIL Reading Scoresheet'!V12),"",CONCATENATE("FIL:",TRIM('G2 FIL Reading Scoresheet'!V12))))
A11: 3 | B11: =IF('G2 MT Reading Scoresheet'!B13<>"",'G2 MT Reading Scoresheet'!B13,"") | C11: =IF('G2 MT Reading Scoresheet'!C13<>"",'G2 MT Reading Scoresheet'!C13,"") | D11: =IF('G2 MT Reading Scoresheet'!D13<>"",'G2 MT Reading Scoresheet'!D13,"") | E11: ='G2 MT Reading Scoresheet'!$J13 | F11: =IF(C11<>"",'G2 MT Reading Scoresheet'!$I13/30,"") | G11: =IF(AND($C11<>"",$E11<>"Full Refresher"),'G2 MT Reading Scoresheet'!$Q13,"") | H11: =IF(AND(C11<>"",E11<>"Full Refresher"),'G2 MT Reading Scoresheet'!$R13/6,"") | I11: =IF(AND(D11<>"",F11<>"Full Refresher"),'G2 MT Reading Scoresheet'!$P13,"") | J11: ='G2 MT Reading Scoresheet'!$U13 | K11: ='G2 FIL Reading Scoresheet'!$J13 | L11: =IF($C11<>"",'G2 FIL Reading Scoresheet'!$I13/30,"") | M11: =IF(AND($C11<>"",$K11<>"Full Refresher"),'G2 FIL Reading Scoresheet'!$Q13,"") | N11: =IF(AND($C11<>"",K11<>"Full Refresher"),'G2 FIL Reading Scoresheet'!$R13/6,"") | O11: =IF(AND(C11<>"",K11<>"Full Refresher"),'G2 FIL Reading Scoresheet'!$P13,"") | P11: ='G2 FIL Reading Scoresheet'!$U13 | Q11: =CONCATENATE(IF(ISBLANK('G2 MT Reading Scoresheet'!V13),"",CONCATENATE("MT:",TRIM('G2 MT Reading Scoresheet'!V13)))," ",IF(ISBLANK('G2 FIL Reading Scoresheet'!V13),"",CONCATENATE("FIL:",TRIM('G2 FIL Reading Scoresheet'!V13))))
A12: 4 | B12: =IF('G2 MT Reading Scoresheet'!B14<>"",'G2 MT Reading Scoresheet'!B14,"") | C12: =IF('G2 MT Reading Scoresheet'!C14<>"",'G2 MT Reading Scoresheet'!C14,"") | D12: =IF('G2 MT Reading Scoresheet'!D14<>"",'G2 MT Reading Scoresheet'!D14,"") | E12: ='G2 MT Reading Scoresheet'!$J14 | F12: =IF(C12<>"",'G2 MT Reading Scoresheet'!$I14/30,"") | G12: =IF(AND($C12<>"",$E12<>"Full Refresher"),'G2 MT Reading Scoresheet'!$Q14,"") | H12: =IF(AND(C12<>"",E12<>"Full Refresher"),'G2 MT Reading Scoresheet'!$R14/6,"") | I12: =IF(AND(D12<>"",F12<>"Full Refresher"),'G2 MT Reading Scoresheet'!$P14,"") | J12: ='G2 MT Reading Scoresheet'!$U14 | K12: ='G2 FIL Reading Scoresheet'!$J14 | L12: =IF($C12<>"",'G2 FIL Reading Scoresheet'!$I14/30,"") | M12: =IF(AND($C12<>"",$K12<>"Full Refresher"),'G2 FIL Reading Scoresheet'!$Q14,"") | N12: =IF(AND($C12<>"",K12<>"Full Refresher"),'G2 FIL Reading Scoresheet'!$R14/6,"") | O12: =IF(AND(C12<>"",K12<>"Full Refresher"),'G2 FIL Reading Scoresheet'!$P14,"") | P12: ='G2 FIL Reading Scoresheet'!$U14 | Q12: =CONCATENATE(IF(ISBLANK('G2 MT Reading Scoresheet'!V14),"",CONCATENATE("MT:",TRIM('G2 MT Reading Scoresheet'!V14)))," ",IF(ISBLANK('G2 FIL Reading Scoresheet'!V14),"",CONCATENATE("FIL:",TRIM('G2 FIL Reading Scoresheet'!V14))))
A13: 5 | B13: =IF('G2 MT Reading Scoresheet'!B15<>"",'G2 MT Reading Scoresheet'!B15,"") | C13: =IF('G2 MT Reading Scoresheet'!C15<>"",'G2 MT Reading Scoresheet'!C15,"") | D13: =IF('G2 MT Reading Scoresheet'!D15<>"",'G2 MT Reading Scoresheet'!D15,"") | E13: ='G2 MT Reading Scoresheet'!$J15 | F13: =IF(C13<>"",'G2 MT Reading Scoresheet'!$I15/30,"") | G13: =IF(AND($C13<>"",$E13<>"Full Refresher"),'G2 MT Reading Scoresheet'!$Q15,"") | H13: =IF(AND(C13<>"",E13<>"Full Refresher"),'G2 MT Reading Scoresheet'!$R15/6,"") | I13: =IF(AND(D13<>"",F13<>"Full Refresher"),'G2 MT Reading Scoresheet'!$P15,"") | J13: ='G2 MT Reading Scoresheet'!$U15 | K13: ='G2 FIL Reading Scoresheet'!$J15 | L13: =IF($C13<>"",'G2 FIL Reading Scoresheet'!$I15/30,"") | M13: =IF(AND($C13<>"",$K13<>"Full Refresher"),'G2 FIL Reading Scoresheet'!$Q15,"") | N13: =IF(AND($C13<>"",K13<>"Full Refresher"),'G2 FIL Reading Scoresheet'!$R15/6,"") | O13: =IF(AND(C13<>"",K13<>"Full Refresher"),'G2 FIL Reading Scoresheet'!$P15,"") | P13: ='G2 FIL Reading Scoresheet'!$U15 | Q13: =CONCATENATE(IF(ISBLANK('G2 MT Reading Scoresheet'!V15),"",CONCATENATE("MT:",TRIM('G2 MT Reading Scoresheet'!V15)))," ",IF(ISBLANK('G2 FIL Reading Scoresheet'!V15),"",CONCATENATE("FIL:",TRIM('G2 FIL Reading Scoresheet'!V15))))
A14: 6 | B14: =IF('G2 MT Reading Scoresheet'!B16<>"",'G2 MT Reading Scoresheet'!B16,"") | C14: =IF('G2 MT Reading Scoresheet'!C16<>"",'G2 MT Reading Scoresheet'!C16,"") | D14: =IF('G2 MT Reading Scoresheet'!D16<>"",'G2 MT Reading Scoresheet'!D16,"") | E14: ='G2 MT Reading Scoresheet'!$J16 | F14: =IF(C14<>"",'G2 MT Reading Scoresheet'!$I16/30,"") | G14: =IF(AND($C14<>"",$E14<>"Full Refresher"),'G2 MT Reading Scoresheet'!$Q16,"") | H14: =IF(AND(C14<>"",E14<>"Full Refresher"),'G2 MT Reading Scoresheet'!$R16/6,"") | I14: =IF(AND(D14<>"",F14<>"Full Refresher"),'G2 MT Reading Scoresheet'!$P16,"") | J14: ='G2 MT Reading Scoresheet'!$U16 | K14: ='G2 FIL Reading Scoresheet'!$J16 | L14: =IF($C14<>"",'G2 FIL Reading Scoresheet'!$I16/30,"") | M14: =IF(AND($C14<>"",$K14<>"Full Refresher"),'G2 FIL Reading Scoresheet'!$Q16,"") | N14: =IF(AND($C14<>"",K14<>"Full Refresher"),'G2 FIL Reading Scoresheet'!$R16/6,"") | O14: =IF(AND(C14<>"",K14<>"Full Refresher"),'G2 FIL Reading Scoresheet'!$P16,"") | P14: ='G2 FIL Reading Scoresheet'!$U16 | Q14: =CONCATENATE(IF(ISBLANK('G2 MT Reading Scoresheet'!V16),"",CONCATENATE("MT:",TRIM('G2 MT Reading Scoresheet'!V16)))," ",IF(ISBLANK('G2 FIL Reading Scoresheet'!V16),"",CONCATENATE("FIL:",TRIM('G2 FIL Reading Scoresheet'!V16))))
A15: 7 | B15: =IF('G2 MT Reading Scoresheet'!B17<>"",'G2 MT Reading Scoresheet'!B17,"") | C15: =IF('G2 MT Reading Scoresheet'!C17<>"",'G2 MT Reading Scoresheet'!C17,"") | D15: =IF('G2 MT Reading Scoresheet'!D17<>"",'G2 MT Reading Scoresheet'!D17,"") | E15: ='G2 MT Reading Scoresheet'!$J17 | F15: =IF(C15<>"",'G2 MT Reading Scoresheet'!$I17/30,"") | G15: =IF(AND($C15<>"",$E15<>"Full Refresher"),'G2 MT Reading Scoresheet'!$Q17,"") | H15: =IF(AND(C15<>"",E15<>"Full Refresher"),'G2 MT Reading Scoresheet'!$R17/6,"") | I15: =IF(AND(D15<>"",F15<>"Full Refresher"),'G2 MT Reading Scoresheet'!$P17,"") | J15: ='G2 MT Reading Scoresheet'!$U17 | K15: ='G2 FIL Reading Scoresheet'!$J17 | L15: =IF($C15<>"",'G2 FIL Reading Scoresheet'!$I17/30,"") | M15: =IF(AND($C15<>"",$K15<>"Full Refresher"),'G2 FIL Reading Scoresheet'!$Q17,"") | N15: =IF(AND($C15<>"",K15<>"Full Refresher"),'G2 FIL Reading Scoresheet'!$R17/6,"") | O15: =IF(AND(C15<>"",K15<>"Full Refresher"),'G2 FIL Reading Scoresheet'!$P17,"") | P15: ='G2 FIL Reading Scoresheet'!$U17 | Q15: =CONCATENATE(IF(ISBLANK('G2 MT Reading Scoresheet'!V17),"",CONCATENATE("MT:",TRIM('G2 MT Reading Scoresheet'!V17)))," ",IF(ISBLANK('G2 FIL Reading Scoresheet'!V17),"",CONCATENATE("FIL:",TRIM('G2 FIL Reading Scoresheet'!V17))))
A16: 8 | B16: =IF('G2 MT Reading Scoresheet'!B18<>"",'G2 MT Reading Scoresheet'!B18,"") | C16: =IF('G2 MT Reading Scoresheet'!C18<>"",'G2 MT Reading Scoresheet'!C18,"") | D16: =IF('G2 MT Reading Scoresheet'!D18<>"",'G2 MT Reading Scoresheet'!D18,"") | E16: ='G2 MT Reading Scoresheet'!$J18 | F16: =IF(C16<>"",'G2 MT Reading Scoresheet'!$I18/30,"") | G16: =IF(AND($C16<>"",$E16<>"Full Refresher"),'G2 MT Reading Scoresheet'!$Q18,"") | H16: =IF(AND(C16<>"",E16<>"Full Refresher"),'G2 MT Reading Scoresheet'!$R18/6,"") | I16: =IF(AND(D16<>"",F16<>"Full Refresher"),'G2 MT Reading Scoresheet'!$P18,"") | J16: ='G2 MT Reading Scoresheet'!$U18 | K16: ='G2 FIL Reading Scoresheet'!$J18 | L16: =IF($C16<>"",'G2 FIL Reading Scoresheet'!$I18/30,"") | M16: =IF(AND($C16<>"",$K16<>"Full Refresher"),'G2 FIL Reading Scoresheet'!$Q18,"") | N16: =IF(AND($C16<>"",K16<>"Full Refresher"),'G2 FIL Reading Scoresheet'!$R18/6,"") | O16: =IF(AND(C16<>"",K16<>"Full Refresher"),'G2 FIL Reading Scoresheet'!$P18,"") | P16: ='G2 FIL Reading Scoresheet'!$U18 | Q16: =CONCATENATE(IF(ISBLANK('G2 MT Reading Scoresheet'!V18),"",CONCATENATE("MT:",TRIM('G2 MT Reading Scoresheet'!V18)))," ",IF(ISBLANK('G2 FIL Reading Scoresheet'!V18),"",CONCATENATE("FIL:",TRIM('G2 FIL Reading Scoresheet'!V18))))
A17: 9 | B17: =IF('G2 MT Reading Scoresheet'!B19<>"",'G2 MT Reading Scoresheet'!B19,"") | C17: =IF('G2 MT Reading Scoresheet'!C19<>"",'G2 MT Reading Scoresheet'!C19,"") | D17: =IF('G2 MT Reading Scoresheet'!D19<>"",'G2 MT Reading Scoresheet'!D19,"") | E17: ='G2 MT Reading Scoresheet'!$J19 | F17: =IF(C17<>"",'G2 MT Reading Scoresheet'!$I19/30,"") | G17: =IF(AND($C17<>"",$E17<>"Full Refresher"),'G2 MT Reading Scoresheet'!$Q19,"") | H17: =IF(AND(C17<>"",E17<>"Full Refresher"),'G2 MT Reading Scoresheet'!$R19/6,"") | I17: =IF(AND(D17<>"",F17<>"Full Refresher"),'G2 MT Reading Scoresheet'!$P19,"") | J17: ='G2 MT Reading Scoresheet'!$U19 | K17: ='G2 FIL Reading Scoresheet'!$J19 | L17: =IF($C17<>"",'G2 FIL Reading Scoresheet'!$I19/30,"") | M17: =IF(AND($C17<>"",$K17<>"Full Refresher"),'G2 FIL Reading Scoresheet'!$Q19,"") | N17: =IF(AND($C17<>"",K17<>"Full Refresher"),'G2 FIL Reading Scoresheet'!$R19/6,"") | O17: =IF(AND(C17<>"",K17<>"Full Refresher"),'G2 FIL Reading Scoresheet'!$P19,"") | P17: ='G2 FIL Reading Scoresheet'!$U19 | Q17: =CONCATENATE(IF(ISBLANK('G2 MT Reading Scoresheet'!V19),"",CONCATENATE("MT:",TRIM('G2 MT Reading Scoresheet'!V19)))," ",IF(ISBLANK('G2 FIL Reading Scoresheet'!V19),"",CONCATENATE("FIL:",TRIM('G2 FIL Reading Scoresheet'!V19))))
A18: 10 | B18: =IF('G2 MT Reading Scoresheet'!B20<>"",'G2 MT Reading Scoresheet'!B20,"") | C18: =IF('G2 MT Reading Scoresheet'!C20<>"",'G2 MT Reading Scoresheet'!C20,"") | D18: =IF('G2 MT Reading Scoresheet'!D20<>"",'G2 MT Reading Scoresheet'!D20,"") | E18: ='G2 MT Reading Scoresheet'!$J20 | F18: =IF(C18<>"",'G2 MT Reading Scoresheet'!$I20/30,"") | G18: =IF(AND($C18<>"",$E18<>"Full Refresher"),'G2 MT Reading Scoresheet'!$Q20,"") | H18: =IF(AND(C18<>"",E18<>"Full Refresher"),'G2 MT Reading Scoresheet'!$R20/6,"") | I18: =IF(AND(D18<>"",F18<>"Full Refresher"),'G2 MT Reading Scoresheet'!$P20,"") | J18: ='G2 MT Reading Scoresheet'!$U20 | K18: ='G2 FIL Reading Scoresheet'!$J20 | L18: =IF($C18<>"",'G2 FIL Reading Scoresheet'!$I20/30,"") | M18: =IF(AND($C18<>"",$K18<>"Full Refresher"),'G2 FIL Reading Scoresheet'!$Q20,"") | N18: =IF(AND($C18<>"",K18<>"Full Refresher"),'G2 FIL Reading Scoresheet'!$R20/6,"") | O18: =IF(AND(C18<>"",K18<>"Full Refresher"),'G2 FIL Reading Scoresheet'!$P20,"") | P18: ='G2 FIL Reading Scoresheet'!$U20 | Q18: =CONCATENATE(IF(ISBLANK('G2 MT Reading Scoresheet'!V20),"",CONCATENATE("MT:",TRIM('G2 MT Reading Scoresheet'!V20)))," ",IF(ISBLANK('G2 FIL Reading Scoresheet'!V20),"",CONCATENATE("FIL:",TRIM('G2 FIL Reading Scoresheet'!V20))))
A19: 11 | B19: =IF('G2 MT Reading Scoresheet'!B21<>"",'G2 MT Reading Scoresheet'!B21,"") | C19: =IF('G2 MT Reading Scoresheet'!C21<>"",'G2 MT Reading Scoresheet'!C21,"") | D19: =IF('G2 MT Reading Scoresheet'!D21<>"",'G2 MT Reading Scoresheet'!D21,"") | E19: ='G2 MT Reading Scoresheet'!$J21 | F19: =IF(C19<>"",'G2 MT Reading Scoresheet'!$I21/30,"") | G19: =IF(AND($C19<>"",$E19<>"Full Refresher"),'G2 MT Reading Scoresheet'!$Q21,"") | H19: =IF(AND(C19<>"",E19<>"Full Refresher"),'G2 MT Reading Scoresheet'!$R21/6,"") | I19: =IF(AND(D19<>"",F19<>"Full Refresher"),'G2 MT Reading Scoresheet'!$P21,"") | J19: ='G2 MT Reading Scoresheet'!$U21 | K19: ='G2 FIL Reading Scoresheet'!$J21 | L19: =IF($C19<>"",'G2 FIL Reading Scoresheet'!$I21/30,"") | M19: =IF(AND($C19<>"",$K19<>"Full Refresher"),'G2 FIL Reading Scoresheet'!$Q21,"") | N19: =IF(AND($C19<>"",K19<>"Full Refresher"),'G2 FIL Reading Scoresheet'!$R21/6,"") | O19: =IF(AND(C19<>"",K19<>"Full Refresher"),'G2 FIL Reading Scoresheet'!$P21,"") | P19: ='G2 FIL Reading Scoresheet'!$U21 | Q19: =CONCATENATE(IF(ISBLANK('G2 MT Reading Scoresheet'!V21),"",CONCATENATE("MT:",TRIM('G2 MT Reading Scoresheet'!V21)))," ",IF(ISBLANK('G2 FIL Reading Scoresheet'!V21),"",CONCATENATE("FIL:",TRIM('G2 FIL Reading Scoresheet'!V21))))
A20: 12 | B20: =IF('G2 MT Reading Scoresheet'!B22<>"",'G2 MT Reading Scoresheet'!B22,"") | C20: =IF('G2 MT Reading Scoresheet'!C22<>"",'G2 MT Reading Scoresheet'!C22,"") | D20: =IF('G2 MT Reading Scoresheet'!D22<>"",'G2 MT Reading Scoresheet'!D22,"") | E20: ='G2 MT Reading Scoresheet'!$J22 | F20: =IF(C20<>"",'G2 MT Reading Scoresheet'!$I22/30,"") | G20: =IF(AND($C20<>"",$E20<>"Full Refresher"),'G2 MT Reading Scoresheet'!$Q22,"") | H20: =IF(AND(C20<>"",E20<>"Full Refresher"),'G2 MT Reading Scoresheet'!$R22/6,"") | I20: =IF(AND(D20<>"",F20<>"Full Refresher"),'G2 MT Reading Scoresheet'!$P22,"") | J20: ='G2 MT Reading Scoresheet'!$U22 | K20: ='G2 FIL Reading Scoresheet'!$J22 | L20: =IF($C20<>"",'G2 FIL Reading Scoresheet'!$I22/30,"") | M20: =IF(AND($C20<>"",$K20<>"Full Refresher"),'G2 FIL Reading Scoresheet'!$Q22,"") | N20: =IF(AND($C20<>"",K20<>"Full Refresher"),'G2 FIL Reading Scoresheet'!$R22/6,"") | O20: =IF(AND(C20<>"",K20<>"Full Refresher"),'G2 FIL Reading Scoresheet'!$P22,"") | P20: ='G2 FIL Reading Scoresheet'!$U22 | Q20: =CONCATENATE(IF(ISBLANK('G2 MT Reading Scoresheet'!V22),"",CONCATENATE("MT:",TRIM('G2 MT Reading Scoresheet'!V22)))," ",IF(ISBLANK('G2 FIL Reading Scoresheet'!V22),"",CONCATENATE("FIL:",TRIM('G2 FIL Reading Scoresheet'!V22))))
A21: 13 | B21: =IF('G2 MT Reading Scoresheet'!B23<>"",'G2 MT Reading Scoresheet'!B23,"") | C21: =IF('G2 MT Reading Scoresheet'!C23<>"",'G2 MT Reading Scoresheet'!C23,"") | D21: =IF('G2 MT Reading Scoresheet'!D23<>"",'G2 MT Reading Scoresheet'!D23,"") | E21: ='G2 MT Reading Scoresheet'!$J23 | F21: =IF(C21<>"",'G2 MT Reading Scoresheet'!$I23/30,"") | G21: =IF(AND($C21<>"",$E21<>"Full Refresher"),'G2 MT Reading Scoresheet'!$Q23,"") | H21: =IF(AND(C21<>"",E21<>"Full Refresher"),'G2 MT Reading Scoresheet'!$R23/6,"") | I21: =IF(AND(D21<>"",F21<>"Full Refresher"),'G2 MT Reading Scoresheet'!$P23,"") | J21: ='G2 MT Reading Scoresheet'!$U23 | K21: ='G2 FIL Reading Scoresheet'!$J23 | L21: =IF($C21<>"",'G2 FIL Reading Scoresheet'!$I23/30,"") | M21: =IF(AND($C21<>"",$K21<>"Full Refresher"),'G2 FIL Reading Scoresheet'!$Q23,"") | N21: =IF(AND($C21<>"",K21<>"Full Refresher"),'G2 FIL Reading Scoresheet'!$R23/6,"") | O21: =IF(AND(C21<>"",K21<>"Full Refresher"),'G2 FIL Reading Scoresheet'!$P23,"") | P21: ='G2 FIL Reading Scoresheet'!$U23 | Q21: =CONCATENATE(IF(ISBLANK('G2 MT Reading Scoresheet'!V23),"",CONCATENATE("MT:",TRIM('G2 MT Reading Scoresheet'!V23)))," ",IF(ISBLANK('G2 FIL Reading Scoresheet'!V23),"",CONCATENATE("FIL:",TRIM('G2 FIL Reading Scoresheet'!V23))))
... A67: 59 | B67: =IF('G2 MT Reading Scoresheet'!B69<>"",'G2 MT Reading Scoresheet'!B69,"") | C67: =IF('G2 MT Reading Scoresheet'!C69<>"",'G2 MT Reading Scoresheet'!C69,"") | D67: =IF('G2 MT Reading Scoresheet'!D69<>"",'G2 MT Reading Scoresheet'!D69,"") | E67: ='G2 MT Reading Scoresheet'!$J69 | F67: =IF(C67<>"",'G2 MT Reading Scoresheet'!$I69/30,"") | G67: =IF(AND($C67<>"",$E67<>"Full Refresher"),'G2 MT Reading Scoresheet'!$Q69,"") | H67: =IF(AND(C67<>"",E67<>"Full Refresher"),'G2 MT Reading Scoresheet'!$R69/6,"") | I67: =IF(AND(D67<>"",F67<>"Full Refresher"),'G2 MT Reading Scoresheet'!$P69,"") | J67: ='G2 MT Reading Scoresheet'!$U69 | K67: ='G2 FIL Reading Scoresheet'!$J69 | L67: =IF($C67<>"",'G2 FIL Reading Scoresheet'!$I69/30,"") | M67: =IF(AND($C67<>"",$K67<>"Full Refresher"),'G2 FIL Reading Scoresheet'!$Q69,"") | N67: =IF(AND($C67<>"",K67<>"Full Refresher"),'G2 FIL Reading Scoresheet'!$R69/6,"") | O67: =IF(AND(C67<>"",K67<>"Full Refresher"),'G2 FIL Reading Scoresheet'!$P69,"") | P67: ='G2 FIL Reading Scoresheet'!$U69 | Q67: =CONCATENATE(IF(ISBLANK('G2 MT Reading Scoresheet'!V69),"",CONCATENATE("MT:",TRIM('G2 MT Reading Scoresheet'!V69)))," ",IF(ISBLANK('G2 FIL Reading Scoresheet'!V69),"",CONCATENATE("FIL:",TRIM('G2 FIL Reading Scoresheet'!V69))))
A68: =A67+1 | B68: =IF('G2 MT Reading Scoresheet'!B70<>"",'G2 MT Reading Scoresheet'!B70,"") | C68: =IF('G2 MT Reading Scoresheet'!C70<>"",'G2 MT Reading Scoresheet'!C70,"") | D68: =IF('G2 MT Reading Scoresheet'!D70<>"",'G2 MT Reading Scoresheet'!D70,"") | E68: ='G2 MT Reading Scoresheet'!$J70 | F68: =IF(C68<>"",'G2 MT Reading Scoresheet'!$I70/30,"") | G68: =IF(AND($C68<>"",$E68<>"Full Refresher"),'G2 MT Reading Scoresheet'!$Q70,"") | H68: =IF(AND(C68<>"",E68<>"Full Refresher"),'G2 MT Reading Scoresheet'!$R70/6,"") | I68: =IF(AND(D68<>"",F68<>"Full Refresher"),'G2 MT Reading Scoresheet'!$P70,"") | J68: ='G2 MT Reading Scoresheet'!$U70 | K68: ='G2 FIL Reading Scoresheet'!$J70 | L68: =IF($C68<>"",'G2 FIL Reading Scoresheet'!$I70/30,"") | M68: =IF(AND($C68<>"",$K68<>"Full Refresher"),'G2 FIL Reading Scoresheet'!$Q70,"") | N68: =IF(AND($C68<>"",K68<>"Full Refresher"),'G2 FIL Reading Scoresheet'!$R70/6,"") | O68: =IF(AND(C68<>"",K68<>"Full Refresher"),'G2 FIL Reading Scoresheet'!$P70,"") | P68: ='G2 FIL Reading Scoresheet'!$U70 | Q68: =CONCATENATE(IF(ISBLANK('G2 MT Reading Scoresheet'!V70),"",CONCATENATE("MT:",TRIM('G2 MT Reading Scoresheet'!V70)))," ",IF(ISBLANK('G2 FIL Reading Scoresheet'!V70),"",CONCATENATE("FIL:",TRIM('G2 FIL Reading Scoresheet'!V70))))
A69: =A68+1 | B69: =IF('G2 MT Reading Scoresheet'!B71<>"",'G2 MT Reading Scoresheet'!B71,"") | C69: =IF('G2 MT Reading Scoresheet'!C71<>"",'G2 MT Reading Scoresheet'!C71,"") | D69: =IF('G2 MT Reading Scoresheet'!D71<>"",'G2 MT Reading Scoresheet'!D71,"") | E69: ='G2 MT Reading Scoresheet'!$J71 | F69: =IF(C69<>"",'G2 MT Reading Scoresheet'!$I71/30,"") | G69: =IF(AND($C69<>"",$E69<>"Full Refresher"),'G2 MT Reading Scoresheet'!$Q71,"") | H69: =IF(AND(C69<>"",E69<>"Full Refresher"),'G2 MT Reading Scoresheet'!$R71/6,"") | I69: =IF(AND(D69<>"",F69<>"Full Refresher"),'G2 MT Reading Scoresheet'!$P71,"") | J69: ='G2 MT Reading Scoresheet'!$U71 | K69: ='G2 FIL Reading Scoresheet'!$J71 | L69: =IF($C69<>"",'G2 FIL Reading Scoresheet'!$I71/30,"") | M69: =IF(AND($C69<>"",$K69<>"Full Refresher"),'G2 FIL Reading Scoresheet'!$Q71,"") | N69: =IF(AND($C69<>"",K69<>"Full Refresher"),'G2 FIL Reading Scoresheet'!$R71/6,"") | O69: =IF(AND(C69<>"",K69<>"Full Refresher"),'G2 FIL Reading Scoresheet'!$P71,"") | P69: ='G2 FIL Reading Scoresheet'!$U71 | Q69: =CONCATENATE(IF(ISBLANK('G2 MT Reading Scoresheet'!V71),"",CONCATENATE("MT:",TRIM('G2 MT Reading Scoresheet'!V71)))," ",IF(ISBLANK('G2 FIL Reading Scoresheet'!V71),"",CONCATENATE("FIL:",TRIM('G2 FIL Reading Scoresheet'!V71))))
A70: =A69+1 | B70: =IF('G2 MT Reading Scoresheet'!B72<>"",'G2 MT Reading Scoresheet'!B72,"") | C70: =IF('G2 MT Reading Scoresheet'!C72<>"",'G2 MT Reading Scoresheet'!C72,"") | D70: =IF('G2 MT Reading Scoresheet'!D72<>"",'G2 MT Reading Scoresheet'!D72,"") | E70: ='G2 MT Reading Scoresheet'!$J72 | F70: =IF(C70<>"",'G2 MT Reading Scoresheet'!$I72/30,"") | G70: =IF(AND($C70<>"",$E70<>"Full Refresher"),'G2 MT Reading Scoresheet'!$Q72,"") | H70: =IF(AND(C70<>"",E70<>"Full Refresher"),'G2 MT Reading Scoresheet'!$R72/6,"") | I70: =IF(AND(D70<>"",F70<>"Full Refresher"),'G2 MT Reading Scoresheet'!$P72,"") | J70: ='G2 MT Reading Scoresheet'!$U72 | K70: ='G2 FIL Reading Scoresheet'!$J72 | L70: =IF($C70<>"",'G2 FIL Reading Scoresheet'!$I72/30,"") | M70: =IF(AND($C70<>"",$K70<>"Full Refresher"),'G2 FIL Reading Scoresheet'!$Q72,"") | N70: =IF(AND($C70<>"",K70<>"Full Refresher"),'G2 FIL Reading Scoresheet'!$R72/6,"") | O70: =IF(AND(C70<>"",K70<>"Full Refresher"),'G2 FIL Reading Scoresheet'!$P72,"") | P70: ='G2 FIL Reading Scoresheet'!$U72 | Q70: =CONCATENATE(IF(ISBLANK('G2 MT Reading Scoresheet'!V72),"",CONCATENATE("MT:",TRIM('G2 MT Reading Scoresheet'!V72)))," ",IF(ISBLANK('G2 FIL Reading Scoresheet'!V72),"",CONCATENATE("FIL:",TRIM('G2 FIL Reading Scoresheet'!V72))))
A71: =A70+1 | B71: =IF('G2 MT Reading Scoresheet'!B73<>"",'G2 MT Reading Scoresheet'!B73,"") | C71: =IF('G2 MT Reading Scoresheet'!C73<>"",'G2 MT Reading Scoresheet'!C73,"") | D71: =IF('G2 MT Reading Scoresheet'!D73<>"",'G2 MT Reading Scoresheet'!D73,"") | E71: ='G2 MT Reading Scoresheet'!$J73 | F71: =IF(C71<>"",'G2 MT Reading Scoresheet'!$I73/30,"") | G71: =IF(AND($C71<>"",$E71<>"Full Refresher"),'G2 MT Reading Scoresheet'!$Q73,"") | H71: =IF(AND(C71<>"",E71<>"Full Refresher"),'G2 MT Reading Scoresheet'!$R73/6,"") | I71: =IF(AND(D71<>"",F71<>"Full Refresher"),'G2 MT Reading Scoresheet'!$P73,"") | J71: ='G2 MT Reading Scoresheet'!$U73 | K71: ='G2 FIL Reading Scoresheet'!$J73 | L71: =IF($C71<>"",'G2 FIL Reading Scoresheet'!$I73/30,"") | M71: =IF(AND($C71<>"",$K71<>"Full Refresher"),'G2 FIL Reading Scoresheet'!$Q73,"") | N71: =IF(AND($C71<>"",K71<>"Full Refresher"),'G2 FIL Reading Scoresheet'!$R73/6,"") | O71: =IF(AND(C71<>"",K71<>"Full Refresher"),'G2 FIL Reading Scoresheet'!$P73,"") | P71: ='G2 FIL Reading Scoresheet'!$U73 | Q71: =CONCATENATE(IF(ISBLANK('G2 MT Reading Scoresheet'!V73),"",CONCATENATE("MT:",TRIM('G2 MT Reading Scoresheet'!V73)))," ",IF(ISBLANK('G2 FIL Reading Scoresheet'!V73),"",CONCATENATE("FIL:",TRIM('G2 FIL Reading Scoresheet'!V73))))
A72: =A71+1 | B72: =IF('G2 MT Reading Scoresheet'!B74<>"",'G2 MT Reading Scoresheet'!B74,"") | C72: =IF('G2 MT Reading Scoresheet'!C74<>"",'G2 MT Reading Scoresheet'!C74,"") | D72: =IF('G2 MT Reading Scoresheet'!D74<>"",'G2 MT Reading Scoresheet'!D74,"") | E72: ='G2 MT Reading Scoresheet'!$J74 | F72: =IF(C72<>"",'G2 MT Reading Scoresheet'!$I74/30,"") | G72: =IF(AND($C72<>"",$E72<>"Full Refresher"),'G2 MT Reading Scoresheet'!$Q74,"") | H72: =IF(AND(C72<>"",E72<>"Full Refresher"),'G2 MT Reading Scoresheet'!$R74/6,"") | I72: =IF(AND(D72<>"",F72<>"Full Refresher"),'G2 MT Reading Scoresheet'!$P74,"") | J72: ='G2 MT Reading Scoresheet'!$U74 | K72: ='G2 FIL Reading Scoresheet'!$J74 | L72: =IF($C72<>"",'G2 FIL Reading Scoresheet'!$I74/30,"") | M72: =IF(AND($C72<>"",$K72<>"Full Refresher"),'G2 FIL Reading Scoresheet'!$Q74,"") | N72: =IF(AND($C72<>"",K72<>"Full Refresher"),'G2 FIL Reading Scoresheet'!$R74/6,"") | O72: =IF(AND(C72<>"",K72<>"Full Refresher"),'G2 FIL Reading Scoresheet'!$P74,"") | P72: ='G2 FIL Reading Scoresheet'!$U74 | Q72: =CONCATENATE(IF(ISBLANK('G2 MT Reading Scoresheet'!V74),"",CONCATENATE("MT:",TRIM('G2 MT Reading Scoresheet'!V74)))," ",IF(ISBLANK('G2 FIL Reading Scoresheet'!V74),"",CONCATENATE("FIL:",TRIM('G2 FIL Reading Scoresheet'!V74))))
A73: =A72+1 | B73: =IF('G2 MT Reading Scoresheet'!B75<>"",'G2 MT Reading Scoresheet'!B75,"") | C73: =IF('G2 MT Reading Scoresheet'!C75<>"",'G2 MT Reading Scoresheet'!C75,"") | D73: =IF('G2 MT Reading Scoresheet'!D75<>"",'G2 MT Reading Scoresheet'!D75,"") | E73: ='G2 MT Reading Scoresheet'!$J75 | F73: =IF(C73<>"",'G2 MT Reading Scoresheet'!$I75/30,"") | G73: =IF(AND($C73<>"",$E73<>"Full Refresher"),'G2 MT Reading Scoresheet'!$Q75,"") | H73: =IF(AND(C73<>"",E73<>"Full Refresher"),'G2 MT Reading Scoresheet'!$R75/6,"") | I73: =IF(AND(D73<>"",F73<>"Full Refresher"),'G2 MT Reading Scoresheet'!$P75,"") | J73: ='G2 MT Reading Scoresheet'!$U75 | K73: ='G2 FIL Reading Scoresheet'!$J75 | L73: =IF($C73<>"",'G2 FIL Reading Scoresheet'!$I75/30,"") | M73: =IF(AND($C73<>"",$K73<>"Full Refresher"),'G2 FIL Reading Scoresheet'!$Q75,"") | N73: =IF(AND($C73<>"",K73<>"Full Refresher"),'G2 FIL Reading Scoresheet'!$R75/6,"") | O73: =IF(AND(C73<>"",K73<>"Full Refresher"),'G2 FIL Reading Scoresheet'!$P75,"") | P73: ='G2 FIL Reading Scoresheet'!$U75 | Q73: =CONCATENATE(IF(ISBLANK('G2 MT Reading Scoresheet'!V75),"",CONCATENATE("MT:",TRIM('G2 MT Reading Scoresheet'!V75)))," ",IF(ISBLANK('G2 FIL Reading Scoresheet'!V75),"",CONCATENATE("FIL:",TRIM('G2 FIL Reading Scoresheet'!V75))))
A74: =A73+1 | B74: =IF('G2 MT Reading Scoresheet'!B76<>"",'G2 MT Reading Scoresheet'!B76,"") | C74: =IF('G2 MT Reading Scoresheet'!C76<>"",'G2 MT Reading Scoresheet'!C76,"") | D74: =IF('G2 MT Reading Scoresheet'!D76<>"",'G2 MT Reading Scoresheet'!D76,"") | E74: ='G2 MT Reading Scoresheet'!$J76 | F74: =IF(C74<>"",'G2 MT Reading Scoresheet'!$I76/30,"") | G74: =IF(AND($C74<>"",$E74<>"Full Refresher"),'G2 MT Reading Scoresheet'!$Q76,"") | H74: =IF(AND(C74<>"",E74<>"Full Refresher"),'G2 MT Reading Scoresheet'!$R76/6,"") | I74: =IF(AND(D74<>"",F74<>"Full Refresher"),'G2 MT Reading Scoresheet'!$P76,"") | J74: ='G2 MT Reading Scoresheet'!$U76 | K74: ='G2 FIL Reading Scoresheet'!$J76 | L74: =IF($C74<>"",'G2 FIL Reading Scoresheet'!$I76/30,"") | M74: =IF(AND($C74<>"",$K74<>"Full Refresher"),'G2 FIL Reading Scoresheet'!$Q76,"") | N74: =IF(AND($C74<>"",K74<>"Full Refresher"),'G2 FIL Reading Scoresheet'!$R76/6,"") | O74: =IF(AND(C74<>"",K74<>"Full Refresher"),'G2 FIL Reading Scoresheet'!$P76,"") | P74: ='G2 FIL Reading Scoresheet'!$U76 | Q74: =CONCATENATE(IF(ISBLANK('G2 MT Reading Scoresheet'!V76),"",CONCATENATE("MT:",TRIM('G2 MT Reading Scoresheet'!V76)))," ",IF(ISBLANK('G2 FIL Reading Scoresheet'!V76),"",CONCATENATE("FIL:",TRIM('G2 FIL Reading Scoresheet'!V76))))
A75: =A74+1 | B75: =IF('G2 MT Reading Scoresheet'!B77<>"",'G2 MT Reading Scoresheet'!B77,"") | C75: =IF('G2 MT Reading Scoresheet'!C77<>"",'G2 MT Reading Scoresheet'!C77,"") | D75: =IF('G2 MT Reading Scoresheet'!D77<>"",'G2 MT Reading Scoresheet'!D77,"") | E75: ='G2 MT Reading Scoresheet'!$J77 | F75: =IF(C75<>"",'G2 MT Reading Scoresheet'!$I77/30,"") | G75: =IF(AND($C75<>"",$E75<>"Full Refresher"),'G2 MT Reading Scoresheet'!$Q77,"") | H75: =IF(AND(C75<>"",E75<>"Full Refresher"),'G2 MT Reading Scoresheet'!$R77/6,"") | I75: =IF(AND(D75<>"",F75<>"Full Refresher"),'G2 MT Reading Scoresheet'!$P77,"") | J75: ='G2 MT Reading Scoresheet'!$U77 | K75: ='G2 FIL Reading Scoresheet'!$J77 | L75: =IF($C75<>"",'G2 FIL Reading Scoresheet'!$I77/30,"") | M75: =IF(AND($C75<>"",$K75<>"Full Refresher"),'G2 FIL Reading Scoresheet'!$Q77,"") | N75: =IF(AND($C75<>"",K75<>"Full Refresher"),'G2 FIL Reading Scoresheet'!$R77/6,"") | O75: =IF(AND(C75<>"",K75<>"Full Refresher"),'G2 FIL Reading Scoresheet'!$P77,"") | P75: ='G2 FIL Reading Scoresheet'!$U77 | Q75: =CONCATENATE(IF(ISBLANK('G2 MT Reading Scoresheet'!V77),"",CONCATENATE("MT:",TRIM('G2 MT Reading Scoresheet'!V77)))," ",IF(ISBLANK('G2 FIL Reading Scoresheet'!V77),"",CONCATENATE("FIL:",TRIM('G2 FIL Reading Scoresheet'!V77))))
A76: =A75+1 | B76: =IF('G2 MT Reading Scoresheet'!B78<>"",'G2 MT Reading Scoresheet'!B78,"") | C76: =IF('G2 MT Reading Scoresheet'!C78<>"",'G2 MT Reading Scoresheet'!C78,"") | D76: =IF('G2 MT Reading Scoresheet'!D78<>"",'G2 MT Reading Scoresheet'!D78,"") | E76: ='G2 MT Reading Scoresheet'!$J78 | F76: =IF(C76<>"",'G2 MT Reading Scoresheet'!$I78/30,"") | G76: =IF(AND($C76<>"",$E76<>"Full Refresher"),'G2 MT Reading Scoresheet'!$Q78,"") | H76: =IF(AND(C76<>"",E76<>"Full Refresher"),'G2 MT Reading Scoresheet'!$R78/6,"") | I76: =IF(AND(D76<>"",F76<>"Full Refresher"),'G2 MT Reading Scoresheet'!$P78,"") | J76: ='G2 MT Reading Scoresheet'!$U78 | K76: ='G2 FIL Reading Scoresheet'!$J78 | L76: =IF($C76<>"",'G2 FIL Reading Scoresheet'!$I78/30,"") | M76: =IF(AND($C76<>"",$K76<>"Full Refresher"),'G2 FIL Reading Scoresheet'!$Q78,"") | N76: =IF(AND($C76<>"",K76<>"Full Refresher"),'G2 FIL Reading Scoresheet'!$R78/6,"") | O76: =IF(AND(C76<>"",K76<>"Full Refresher"),'G2 FIL Reading Scoresheet'!$P78,"") | P76: ='G2 FIL Reading Scoresheet'!$U78 | Q76: =CONCATENATE(IF(ISBLANK('G2 MT Reading Scoresheet'!V78),"",CONCATENATE("MT:",TRIM('G2 MT Reading Scoresheet'!V78)))," ",IF(ISBLANK('G2 FIL Reading Scoresheet'!V78),"",CONCATENATE("FIL:",TRIM('G2 FIL Reading Scoresheet'!V78))))
A77: =A76+1 | B77: =IF('G2 MT Reading Scoresheet'!B79<>"",'G2 MT Reading Scoresheet'!B79,"") | C77: =IF('G2 MT Reading Scoresheet'!C79<>"",'G2 MT Reading Scoresheet'!C79,"") | D77: =IF('G2 MT Reading Scoresheet'!D79<>"",'G2 MT Reading Scoresheet'!D79,"") | E77: ='G2 MT Reading Scoresheet'!$J79 | F77: =IF(C77<>"",'G2 MT Reading Scoresheet'!$I79/30,"") | G77: =IF(AND($C77<>"",$E77<>"Full Refresher"),'G2 MT Reading Scoresheet'!$Q79,"") | H77: =IF(AND(C77<>"",E77<>"Full Refresher"),'G2 MT Reading Scoresheet'!$R79/6,"") | I77: =IF(AND(D77<>"",F77<>"Full Refresher"),'G2 MT Reading Scoresheet'!$P79,"") | J77: ='G2 MT Reading Scoresheet'!$U79 | K77: ='G2 FIL Reading Scoresheet'!$J79 | L77: =IF($C77<>"",'G2 FIL Reading Scoresheet'!$I79/30,"") | M77: =IF(AND($C77<>"",$K77<>"Full Refresher"),'G2 FIL Reading Scoresheet'!$Q79,"") | N77: =IF(AND($C77<>"",K77<>"Full Refresher"),'G2 FIL Reading Scoresheet'!$R79/6,"") | O77: =IF(AND(C77<>"",K77<>"Full Refresher"),'G2 FIL Reading Scoresheet'!$P79,"") | P77: ='G2 FIL Reading Scoresheet'!$U79 | Q77: =CONCATENATE(IF(ISBLANK('G2 MT Reading Scoresheet'!V79),"",CONCATENATE("MT:",TRIM('G2 MT Reading Scoresheet'!V79)))," ",IF(ISBLANK('G2 FIL Reading Scoresheet'!V79),"",CONCATENATE("FIL:",TRIM('G2 FIL Reading Scoresheet'!V79))))
A78: =A77+1 | B78: =IF('G2 MT Reading Scoresheet'!B80<>"",'G2 MT Reading Scoresheet'!B80,"") | C78: =IF('G2 MT Reading Scoresheet'!C80<>"",'G2 MT Reading Scoresheet'!C80,"") | D78: =IF('G2 MT Reading Scoresheet'!D80<>"",'G2 MT Reading Scoresheet'!D80,"") | E78: ='G2 MT Reading Scoresheet'!$J80 | F78: =IF(C78<>"",'G2 MT Reading Scoresheet'!$I80/30,"") | G78: =IF(AND($C78<>"",$E78<>"Full Refresher"),'G2 MT Reading Scoresheet'!$Q80,"") | H78: =IF(AND(C78<>"",E78<>"Full Refresher"),'G2 MT Reading Scoresheet'!$R80/6,"") | I78: =IF(AND(D78<>"",F78<>"Full Refresher"),'G2 MT Reading Scoresheet'!$P80,"") | J78: ='G2 MT Reading Scoresheet'!$U80 | K78: ='G2 FIL Reading Scoresheet'!$J80 | L78: =IF($C78<>"",'G2 FIL Reading Scoresheet'!$I80/30,"") | M78: =IF(AND($C78<>"",$K78<>"Full Refresher"),'G2 FIL Reading Scoresheet'!$Q80,"") | N78: =IF(AND($C78<>"",K78<>"Full Refresher"),'G2 FIL Reading Scoresheet'!$R80/6,"") | O78: =IF(AND(C78<>"",K78<>"Full Refresher"),'G2 FIL Reading Scoresheet'!$P80,"") | P78: ='G2 FIL Reading Scoresheet'!$U80 | Q78: =CONCATENATE(IF(ISBLANK('G2 MT Reading Scoresheet'!V80),"",CONCATENATE("MT:",TRIM('G2 MT Reading Scoresheet'!V80)))," ",IF(ISBLANK('G2 FIL Reading Scoresheet'!V80),"",CONCATENATE("FIL:",TRIM('G2 FIL Reading Scoresheet'!V80))))
A79: =A78+1 | B79: =IF('G2 MT Reading Scoresheet'!B81<>"",'G2 MT Reading Scoresheet'!B81,"") | C79: =IF('G2 MT Reading Scoresheet'!C81<>"",'G2 MT Reading Scoresheet'!C81,"") | D79: =IF('G2 MT Reading Scoresheet'!D81<>"",'G2 MT Reading Scoresheet'!D81,"") | E79: ='G2 MT Reading Scoresheet'!$J81 | F79: =IF(C79<>"",'G2 MT Reading Scoresheet'!$I81/30,"") | G79: =IF(AND($C79<>"",$E79<>"Full Refresher"),'G2 MT Reading Scoresheet'!$Q81,"") | H79: =IF(AND(C79<>"",E79<>"Full Refresher"),'G2 MT Reading Scoresheet'!$R81/6,"") | I79: =IF(AND(D79<>"",F79<>"Full Refresher"),'G2 MT Reading Scoresheet'!$P81,"") | J79: ='G2 MT Reading Scoresheet'!$U81 | K79: ='G2 FIL Reading Scoresheet'!$J81 | L79: =IF($C79<>"",'G2 FIL Reading Scoresheet'!$I81/30,"") | M79: =IF(AND($C79<>"",$K79<>"Full Refresher"),'G2 FIL Reading Scoresheet'!$Q81,"") | N79: =IF(AND($C79<>"",K79<>"Full Refresher"),'G2 FIL Reading Scoresheet'!$R81/6,"") | O79: =IF(AND(C79<>"",K79<>"Full Refresher"),'G2 FIL Reading Scoresheet'!$P81,"") | P79: ='G2 FIL Reading Scoresheet'!$U81 | Q79: =CONCATENATE(IF(ISBLANK('G2 MT Reading Scoresheet'!V81),"",CONCATENATE("MT:",TRIM('G2 MT Reading Scoresheet'!V81)))," ",IF(ISBLANK('G2 FIL Reading Scoresheet'!V81),"",CONCATENATE("FIL:",TRIM('G2 FIL Reading Scoresheet'!V81))))
... A107: =A106+1 | B107: =IF('G2 MT Reading Scoresheet'!B109<>"",'G2 MT Reading Scoresheet'!B109,"") | C107: =IF('G2 MT Reading Scoresheet'!C109<>"",'G2 MT Reading Scoresheet'!C109,"") | D107: =IF('G2 MT Reading Scoresheet'!D109<>"",'G2 MT Reading Scoresheet'!D109,"") | E107: ='G2 MT Reading Scoresheet'!$J109 | F107: =IF(C107<>"",'G2 MT Reading Scoresheet'!$I109/30,"") | G107: =IF(AND($C107<>"",$E107<>"Full Refresher"),'G2 MT Reading Scoresheet'!$Q109,"") | H107: =IF(AND(C107<>"",E107<>"Full Refresher"),'G2 MT Reading Scoresheet'!$R109/6,"") | I107: =IF(AND(D107<>"",F107<>"Full Refresher"),'G2 MT Reading Scoresheet'!$P109,"") | J107: ='G2 MT Reading Scoresheet'!$U109 | K107: ='G2 FIL Reading Scoresheet'!$J109 | L107: =IF($C107<>"",'G2 FIL Reading Scoresheet'!$I109/30,"") | M107: =IF(AND($C107<>"",$K107<>"Full Refresher"),'G2 FIL Reading Scoresheet'!$Q109,"") | N107: =IF(AND($C107<>"",K107<>"Full Refresher"),'G2 FIL Reading Scoresheet'!$R109/6,"") | O107: =IF(AND(C107<>"",K107<>"Full Refresher"),'G2 FIL Reading Scoresheet'!$P109,"") | P107: ='G2 FIL Reading Scoresheet'!$U109 | Q107: =CONCATENATE(IF(ISBLANK('G2 MT Reading Scoresheet'!V109),"",CONCATENATE("MT:",TRIM('G2 MT Reading Scoresheet'!V109)))," ",IF(ISBLANK('G2 FIL Reading Scoresheet'!V109),"",CONCATENATE("FIL:",TRIM('G2 FIL Reading Scoresheet'!V109))))
A108: 100 | B108: =IF('G2 MT Reading Scoresheet'!B110<>"",'G2 MT Reading Scoresheet'!B110,"") | C108: =IF('G2 MT Reading Scoresheet'!C110<>"",'G2 MT Reading Scoresheet'!C110,"") | D108: =IF('G2 MT Reading Scoresheet'!D110<>"",'G2 MT Reading Scoresheet'!D110,"") | E108: ='G2 MT Reading Scoresheet'!$J110 | F108: =IF(C108<>"",'G2 MT Reading Scoresheet'!$I$11/30,"") | G108: =IF(AND($C108<>"",$E108<>"Full Refresher"),'G2 MT Reading Scoresheet'!$Q110,"") | H108: =IF(AND(C108<>"",E108<>"Full Refresher"),'G2 MT Reading Scoresheet'!$R110/6,"") | I108: =IF(AND(D108<>"",F108<>"Full Refresher"),'G2 MT Reading Scoresheet'!$P110,"") | J108: ='G2 MT Reading Scoresheet'!$U110 | K108: ='G2 FIL Reading Scoresheet'!$J110 | L108: =IF($C108<>"",'G2 FIL Reading Scoresheet'!$I110/30,"") | M108: =IF(AND($C108<>"",$K108<>"Full Refresher"),'G2 FIL Reading Scoresheet'!$Q110,"") | N108: =IF(AND($C108<>"",K108<>"Full Refresher"),'G2 FIL Reading Scoresheet'!$R110/6,"") | O108: =IF(AND(C108<>"",K108<>"Full Refresher"),'G2 FIL Reading Scoresheet'!$P110,"") | P108: ='G2 FIL Reading Scoresheet'!$U110 | Q108: =CONCATENATE(IF(ISBLANK('G2 MT Reading Scoresheet'!V110),"",CONCATENATE("MT:",TRIM('G2 MT Reading Scoresheet'!V110)))," ",IF(ISBLANK('G2 FIL Reading Scoresheet'!V110),"",CONCATENATE("FIL:",TRIM('G2 FIL Reading Scoresheet'!V110))))

Sheet Class Summary
A1: CRLA3v1
A2: GRADE 2 Assessment CLASS SUMMARY
A4: SCHOOL ID : | C4: ='G2 MT Reading Scoresheet'!C4
A5: SCHOOL NAME: | C5: ='G2 MT Reading Scoresheet'!C5
A6: Grade | D6: Language | E6: Sex | F6: Number of Learners Enrolled | G6: Number of Learners Assessed | H6: Assessment Part 1 Reading Level | L6: Assessment Part 2 Average Score | Q6: READING PROFILE
B7: Section | C7: Teacher | H7: Full Refresher | I7: Moderate Refresher | J7: Light Refresher | K7: Grade Ready | L7: Reading Fluency | M7: Reading Comprehension | N7: Ave. WPM | O7: Low Emerging Reader | P7: High Emerging Reader | Q7: Developing Reader | R7: Transitioning Reader | S7: Reading At Grade Level
A8: Grade 2 | B8: =IF('G2 MT Reading Scoresheet'!$C$8<>"",'G2 MT Reading Scoresheet'!$C$8,"") | C8: =IF('G2 MT Reading Scoresheet'!$C$6<>"",'G2 MT Reading Scoresheet'!$C$6," ") | D8: =IF('G2 MT Reading Scoresheet'!C9 <>"",'G2 MT Reading Scoresheet'!C9,"") | E8: Male | F8: ='G2 MT Reading Scoresheet'!D6 | G8: =COUNTIF('G2 MT Reading Scoresheet'!$D$11:$D$110,$E8) | H8: =COUNTIFS('Class Record'!$E$9:$E$108,H$7,'Class Record'!$D$9:$D$108,$E8) | I8: =COUNTIFS('Class Record'!$E$9:$E$108,I$7,'Class Record'!$D$9:$D$108,$E8) | J8: =COUNTIFS('Class Record'!$E$9:$E$108,J$7,'Class Record'!$D$9:$D$108,$E8) | K8: =COUNTIFS('Class Record'!$E$9:$E$108,K$7,'Class Record'!$D$9:$D$108,$E8) | L8: =IFERROR(AVERAGEIFS('Class Record'!G$9:G$108,'Class Record'!$D$9:$D$108,$E8),"") | M8: =IFERROR(AVERAGEIFS('Class Record'!H$9:H$108,'Class Record'!$D$9:$D$108,$E8),"") | N8: =IFERROR(AVERAGEIFS('Class Record'!I$9:I$108,'Class Record'!$D$9:$D$108,$E8),"") | O8: =COUNTIFS('Class Record'!$J$9:$J$108,O$7,'Class Record'!$D$9:$D$108,$E8) | P8: =COUNTIFS('Class Record'!$J$9:$J$108,P$7,'Class Record'!$D$9:$D$108,$E8) | Q8: =COUNTIFS('Class Record'!$J$9:$J$108,Q$7,'Class Record'!$D$9:$D$108,$E8) | R8: =COUNTIFS('Class Record'!$J$9:$J$108,R$7,'Class Record'!$D$9:$D$108,$E8) | S8: =COUNTIFS('Class Record'!$J$9:$J$108,S$7,'Class Record'!$D$9:$D$108,$E8)
A9: =A8 | B9: =B8 | C9: =C8 | D9: =D8 | E9: Female | F9: ='G2 MT Reading Scoresheet'!E6 | G9: =COUNTIF('G2 MT Reading Scoresheet'!$D$11:$D$110,E9) | H9: =COUNTIFS('Class Record'!$E$9:$E$108,H$7,'Class Record'!$D$9:$D$108,$E9) | I9: =COUNTIFS('Class Record'!$E$9:$E$108,I$7,'Class Record'!$D$9:$D$108,$E9) | J9: =COUNTIFS('Class Record'!$E$9:$E$108,J$7,'Class Record'!$D$9:$D$108,$E9) | K9: =COUNTIFS('Class Record'!$E$9:$E$108,K$7,'Class Record'!$D$9:$D$108,$E9) | L9: =IFERROR(AVERAGEIFS('Class Record'!G$9:G$108,'Class Record'!$D$9:$D$108,$E9),"") | M9: =IFERROR(AVERAGEIFS('Class Record'!H$9:H$108,'Class Record'!$D$9:$D$108,$E9),"") | N9: =IFERROR(AVERAGEIFS('Class Record'!I$9:I$108,'Class Record'!$D$9:$D$108,$E9),"") | O9: =COUNTIFS('Class Record'!$J$9:$J$108,O$7,'Class Record'!$D$9:$D$108,$E9) | P9: =COUNTIFS('Class Record'!$J$9:$J$108,P$7,'Class Record'!$D$9:$D$108,$E9) | Q9: =COUNTIFS('Class Record'!$J$9:$J$108,Q$7,'Class Record'!$D$9:$D$108,$E9) | R9: =COUNTIFS('Class Record'!$J$9:$J$108,R$7,'Class Record'!$D$9:$D$108,$E9) | S9: =COUNTIFS('Class Record'!$J$9:$J$108,S$7,'Class Record'!$D$9:$D$108,$E9)
A10: =A9 | B10: =B9 | C10: =C9 | D10: Filipino | E10: Male | F10: ='G2 FIL Reading Scoresheet'!$D$6 | G10: =COUNTIF('G2 FIL Reading Scoresheet'!$D$11:$D$110,$E10) | H10: =COUNTIFS('Class Record'!$K$9:$K$108,H$7,'Class Record'!$D$9:$D$108,$E10) | I10: =COUNTIFS('Class Record'!$K$9:$K$108,I$7,'Class Record'!$D$9:$D$108,$E10) | J10: =COUNTIFS('Class Record'!$K$9:$K$108,J$7,'Class Record'!$D$9:$D$108,$E10) | K10: =COUNTIFS('Class Record'!$K$9:$K$108,K$7,'Class Record'!$D$9:$D$108,$E10) | L10: =IFERROR(AVERAGEIFS('Class Record'!M$9:M$108,'Class Record'!$D$9:$D$108,$E10),"") | M10: =IFERROR(AVERAGEIFS('Class Record'!N$9:N$108,'Class Record'!$D$9:$D$108,$E10),"") | N10: =IFERROR(AVERAGEIFS('Class Record'!O$9:O$108,'Class Record'!$D$9:$D$108,$E10),"") | O10: =COUNTIFS('Class Record'!$P$9:$P$108,O$7,'Class Record'!$D$9:$D$108,$E10) | P10: =COUNTIFS('Class Record'!$P$9:$P$108,P$7,'Class Record'!$D$9:$D$108,$E10) | Q10: =COUNTIFS('Class Record'!$P$9:$P$108,Q$7,'Class Record'!$D$9:$D$108,$E10) | R10: =COUNTIFS('Class Record'!$P$9:$P$108,R$7,'Class Record'!$D$9:$D$108,$E10) | S10: =COUNTIFS('Class Record'!$P$9:$P$108,S$7,'Class Record'!$D$9:$D$108,$E10)
A11: =A10 | B11: =B10 | C11: =C10 | D11: =D10 | E11: Female | F11: ='G2 FIL Reading Scoresheet'!$E$6 | G11: =COUNTIF('G2 FIL Reading Scoresheet'!$D$11:$D$110,$E11) | H11: =COUNTIFS('Class Record'!$K$9:$K$108,H$7,'Class Record'!$D$9:$D$108,$E11) | I11: =COUNTIFS('Class Record'!$K$9:$K$108,I$7,'Class Record'!$D$9:$D$108,$E11) | J11: =COUNTIFS('Class Record'!$K$9:$K$108,J$7,'Class Record'!$D$9:$D$108,$E11) | K11: =COUNTIFS('Class Record'!$K$9:$K$108,K$7,'Class Record'!$D$9:$D$108,$E11) | L11: =IFERROR(AVERAGEIFS('G2 FIL Reading Scoresheet'!$Q$11:$Q$110,'G2 FIL Reading Scoresheet'!$D$11:$D$110,$E11),"") | M11: =IFERROR(AVERAGEIFS('G2 FIL Reading Scoresheet'!$Y$11:$Y$110,'G2 MT Reading Scoresheet'!$D$11:$D$110,$E11),"") | N11: =IFERROR(AVERAGEIFS('G2 FIL Reading Scoresheet'!$P$11:$P$110,'G2 FIL Reading Scoresheet'!$D$11:$D$110,$E11),"") | O11: =COUNTIFS('Class Record'!$P$9:$P$108,O$7,'Class Record'!$D$9:$D$108,$E11) | P11: =COUNTIFS('Class Record'!$P$9:$P$108,P$7,'Class Record'!$D$9:$D$108,$E11) | Q11: =COUNTIFS('Class Record'!$P$9:$P$108,Q$7,'Class Record'!$D$9:$D$108,$E11) | R11: =COUNTIFS('Class Record'!$P$9:$P$108,R$7,'Class Record'!$D$9:$D$108,$E11) | S11: =COUNTIFS('Class Record'!$P$9:$P$108,S$7,'Class Record'!$D$9:$D$108,$E11)
A13: =A9 | B13: =B9 | C13: =C9 | D13: =D9 | E13: Total | F13: =F8+F9 | G13: =G8+G9 | H13: =H8+H9 | I13: =I8+I9 | J13: =J8+J9 | K13: =K8+K9 | L13: =IFERROR((L8+L9)/2,"") | M13: =IFERROR((M8+M9)/2,"") | N13: =IFERROR((N8+N9)/2,"") | O13: =O8+O9 | P13: =P8+P9 | Q13: =Q8+Q9 | R13: =R8+R9 | S13: =S8+S9
A14: =A10 | B14: =B10 | C14: =C10 | D14: =D10 | E14: Total | F14: =F10+F11 | G14: =G10+G11 | H14: =H10+H11 | I14: =I10+I11 | J14: =J10+J11 | K14: =K10+K11 | L14: =IFERROR((L10+L11)/2,"") | M14: =IFERROR((M10+M11)/2,"") | N14: =IFERROR((N10+N11)/2,"") | O14: =O10+O11 | P14: =P10+P11 | Q14: =Q10+Q11 | R14: =R10+R11 | S14: =S10+S11
D16: Percent (%) of Learners at Each Proficiency Level
D17: Assessment Part 1 Reading Level | H17: Average Score | K17: READING PROFILE
A18: Language | B18: Sex | C18: Percent of Learners assessed | D18: Full Refresher | E18: Moderate Refresher | F18: Light Refresher | G18: Grade Ready | H18: Reading Fluency | I18: Reading Comprehension | J18: Words Per Minute | K18: Low Emerging Reader | L18: High Emerging Reader | M18: Developing Reader | N18: Transitioning Reader | O18: Reading At Grade Level
A19: =D8 | B19: Male | C19: =IFERROR(G8/F8,"") | D19: =IFERROR(H8/$G8,"") | E19: =IFERROR(I8/$G8,"") | F19: =IFERROR(J8/$G8,"") | G19: =IFERROR(K8/$G8,"") | H19: =L8 | I19: =M8 | J19: =N8 | K19: =IFERROR(O8/$G8,"") | L19: =IFERROR(P8/$G8,"") | M19: =IFERROR(Q8/$G8,"") | N19: =IFERROR(R8/$G8,"") | O19: =IFERROR(S8/$G8,"")
A20: =A19 | B20: Female | C20: =IFERROR(G9/F9,"") | D20: =IFERROR(H9/$G9,"") | E20: =IFERROR(I9/$G9,"") | F20: =IFERROR(J9/$G9,"") | G20: =IFERROR(K9/$G9,"") | H20: =L9 | I20: =M9 | J20: =N9 | K20: =IFERROR(O9/$G9,"") | L20: =IFERROR(P9/$G9,"") | M20: =IFERROR(Q9/$G9,"") | N20: =IFERROR(R9/$G9,"") | O20: =IFERROR(S9/$G9,"")
A21: =A20 | B21: Total | C21: =IFERROR(G13/F13,"") | D21: =IFERROR(H13/$G13,"") | E21: =IFERROR(I13/$G13,"") | F21: =IFERROR(J13/$G13,"") | G21: =IFERROR(K13/$G13,"") | H21: =L13 | I21: =M13 | J21: =N13 | K21: =IFERROR(O13/$G13,"") | L21: =IFERROR(P13/$G13,"") | M21: =IFERROR(Q13/$G13,"") | N21: =IFERROR(R13/$G13,"") | O21: =IFERROR(S13/$G13,"")
A22: =D11 | B22: Male | C22: =IFERROR(G10/F10,"") | D22: =IFERROR(H10/$G10,"") | E22: =IFERROR(I10/$G10,"") | F22: =IFERROR(J10/$G10,"") | G22: =IFERROR(K10/$G10,"") | H22: =L10 | I22: =M10 | J22: =N10 | K22: =IFERROR(O10/$G10,"") | L22: =IFERROR(P10/$G10,"") | M22: =IFERROR(Q10/$G10,"") | N22: =IFERROR(R10/$G10,"") | O22: =IFERROR(S10/$G10,"")
A23: =A22 | B23: Female | C23: =IFERROR(G11/F11,"") | D23: =IFERROR(H11/$G11,"") | E23: =IFERROR(I11/$G11,"") | F23: =IFERROR(J11/$G11,"") | G23: =IFERROR(K11/$G11,"") | H23: =L11 | I23: =M11 | J23: =N11 | K23: =IFERROR(O11/$G11,"") | L23: =IFERROR(P11/$G11,"") | M23: =IFERROR(Q11/$G11,"") | N23: =IFERROR(R11/$G11,"") | O23: =IFERROR(S11/$G11,"")
A24: =A23 | B24: Total | C24: =IFERROR(G14/F14,"") | D24: =IFERROR(H14/$G14,"") | E24: =IFERROR(I14/$G14,"") | F24: =IFERROR(J14/$G14,"") | G24: =IFERROR(K14/$G14,"") | H24: =L14 | I24: =M14 | J24: =N14 | K24: =IFERROR(O14/$G14,"") | L24: =IFERROR(P14/$G14,"") | M24: =IFERROR(Q14/$G14,"") | N24: =IFERROR(R14/$G14,"") | O24: =IFERROR(S14/$G14,"")

Sheet Scoring Reference
B4: Reading Level | C4: Criteria | D4: Observations Level
B5: Low Emerging Reader | C5: Learner scores 0 to 10 in Assessment Part 1
B6: High Emerging Reader | C6: Learner reads less than 25% of the passage in 2 minutes and cannot answer any of the questions | D6: Level 1 | E6: Reads word by word
B7: Developing Reader | C7: Learner reads between 26% to 50% of passage accurately in 2 minutes and answers 1 to 2 question correctly | D7: Level 2 | E7: Reads word in chunks
B8: Transitioning Reader | C8: Learner reads between 51% to 75% of passage accurately in 2 minutes AND answers 3 to 4 questions correctly. | D8: Level 3 | E8: Reads fluently but not observing functuation marks
B9: Reading At Grade Level | C9: Learner reads between 76% to 100% of passage accurately in 2 minutes AND answers 5 to 6 questions correctly. | D9: Level 4 | E9: Reads fluently with proper expression

Sheet List
A1: Reading | B1: Region | C1: Language | F1: Grade Level | G1: Language | H1: Story 1 | I1: Passage Title | J1: Number of Words | K1: Story 2 | L1: Passage Title | M1: Number of Words
A2: 0% | B2: NCR | C2: Akeanon | D2: 1 | F2: Grade 2 | G2: Central Bikol | H2: 1 | I2: An Pagsaud | J2: 96 | K2: 2 | L2: An Sorpresa ni Nanay | M2: 94
A3: <50% | B3: CAR | C3: Bahasa Sug | D3: 1 | F3: Grade 2 | G3: Tagalog | H3: 1 | I3: Isang Kakaibang Araw | J3: 96 | K3: 2 | L3: Ang Pagong at ang Kuheno | M3: 95
A4: 50% | B4: Region I | C4: Bikol Libon | F4: Grade 2 | G4: Rinconada | H4: 1 | I4: SI PLUTO | J4: 96 | K4: 2 | L4: SA KADLAGAN | M4: 95
A5: >50% | B5: Region II | C5: Buhi-non | F5: Grade 2 | G5: Minasbate | H5: 1 | I5: MAY ESKWELA NA | J5: 95 | K5: 2 | L5: SA BARYO NI KALOY | M5: 94
A6: 100% | B6: Region III | C6: Caluyanen | F6: Grade 2 | G6: Filipino | H6: 1 | I6: Isang Kakaibang Araw | J6: 96 | K6: 2 | L6: Ang Pagong at ang Kuheno | M6: 95
B7: Region IV-A | C7: Central Bikol | D7: 1 | F7: Grade 2 | G7: Sinugbuanong Binisaya | H7: 1 | I7: Palda ni Perla | J7: 95 | K7: 2 | L7: Si Ana, Ang Batang Matinahuron | M7: 95
B8: Region IV-B | C8: Chavacano | D8: 1 | F8: Grade 2 | G8: Hiligaynon | H8: 1 | I8: Ang Damgo ni Marko | J8: 96 | K8: 2 | L8: Ang Sorpresa | M8: 94
B9: Region V | C9: Cuyonon | F9: Grade 2 | G9: Akeanon | H9: 1 | I9: Naduea Ro Tubi | J9: 94 | K9: 2 | L9: Ro Magmaeanghud | M9: 94
B10: Region VI | C10: Hiligaynon | D10: 1 | F10: Grade 2 | G10: Kinaray-a | H10: 1 | I10: Ang Bata nga Parasipal kang Damang | J10: 95 | K10: 2 | L10: Ang Handum ni Lisa | M10: 95
B11: Region VII | C11: Hiliray-a (Kinaray-a Iloilo) | F11: Grade 2 | G11: Magindanawn | H11: 1 | I11: Su Bayabas Nila Kamad | J11: 95 | K11: 2 | L11: Su Manga Bedung Ni Saida | M11: 95
B12: Region VIII | C12: Ibanag | D12: 1 | F12: Grade 2 | G12: Hiliray-a (Kinaray-a Iloilo) | H12: 1 | I12: ANG BOLA NI GLENDA | J12: 95 | K12: 2 | L12: SI BIMBOY | M12: 95
B13: Region IX | C13: Ilocano | D13: 1
B14: Region X | C14: Inabaknon
B15: Region XI | C15: Ivatan | D15: 1
B16: Region XII | C16: Kapampangan | D16: 1
B17: Region XIII | C17: Kinaray-a | D17: 1
B18: BARMM | C18: Magindanawn | D18: 1
C19: Meranaw | D19: 1
C20: Minasbate
C21: Miraya
C22: Northern Catanduanes
C23: Northern Sorsoganon
C24: Pangasinan | D24: 1
C25: Rinconada
C26: Sambal | D26: 1
C27: Sinugbuanong Binisaya | D27: 1
C28: Southern Catanduanes
C29: Southern Sorsoganon
C30: Surigaonon | D30: 1
C31: Tagalog | D31: 1
C32: Waray | D32: 1
C33: West Albay Bikol
C34: Yakan | D34: 1
C35: Other MT
